review_id,reviewer_name,rating,review_date,review
0010594847_1_0,波波夫妮,4.0,2026/03/18,以書信往返串起不同人生的煩惱與選擇，看似是替他人解惑，其實也在回應每個人心中的迷惘。故事溫柔卻不流於理想，讓人看見即使在不完美的處境中，人仍有選擇與改變的可能。作者東野圭吾透過角色之間的連結，傳達一個重要訊息：沒有誰的困境是孤立的，每個回應與選擇，都可能在無形中影響他人。那些看似微小的善意，往往能成為他人前行的力量。讀完後會明白，答案未必來自他人，而是在傾聽與回應的過程中，慢慢浮現。人生的重量，也因此變得不再那麼孤單。
0010594847_1_1,一掌拍死你,5.0,2026/02/23,東野圭吾的書不會讓人失望。第一次閱讀解憂雜貨店的時候還是國一，當時就覺得蠻有趣的，直到現在前前後後大概讀了四五次，還是很喜歡故事情節及文筆。
0010594847_1_2,悠理,5.0,2026/02/19,這本書真的是經典中的經典了吧！當年第一次讀的時候覺得題材很特別，一下就看完了，然後重複看了好多次。電影也很好看～
0010594847_1_3,beauty0521,5.0,2026/02/01,以好幾段小故事構成了一本書，因爲偶然，三位少年的奇幻旅程就此展開，內容有趣，但有時帶點懸疑刺激的感覺。那一瞬間的交會演變成一生一世的救贖，好奇妙啊……
0010594847_1_4,宸綾Ava+,5.0,2026/01/04,作者是東野圭吾，日本知名作家，原本以推理小說聞名，後來開始創作較溫暖、貼近人心的作品。《解憂雜貨店》就是其中很具代表性的一本，透過不同人物的故事，探討人生選擇、後悔與希望，也讓讀者在閱讀過程中反思自己的人生。《解憂雜貨店》是一本表面上看起來輕鬆溫馨，但實際上蘊含許多人生思考的小說。故事圍繞著一間已經歇業的雜貨店，只要把自己的煩惱寫成信投進信箱，隔天就會收到回信。這樣的設定雖然帶點奇幻色彩，卻讓人願意相信，也讓整個故事顯得溫暖而真實。書中出現了許多不同角色，每個人都有屬於自己的煩惱。有的人在追求夢想與現實生活之間感到拉扯，有的人因家庭責任而感到壓力，也有人因過去的選擇而深深後悔。這些故事雖然發生在不同時空，卻彼此串連，讓我感覺每一個人的選擇都可能影響到別人的人生。閱讀過程中，我發現這本書並不是在告訴讀者「正確答案是什麼」，而是讓我們看到每個人在做決定時的掙扎與不安。雜貨店老闆給的回信，往往不是直接替對方下決定，而是提醒對方思考自己真正想要的是什麼。這讓我體會到，其實很多時候我們不是缺少建議，而是不敢面對內心真正的想法。書中提到的「選擇」讓我印象非常深刻。有些角色因為害怕選錯而遲遲不做決定，最後反而錯過了改變的機會。這讓我想到自己在生活中也常有類似情況，像是在課業或未來方向上，因為擔心結果不好而選擇逃避。這本書讓我明白，不做選擇本身也是一種選擇，而且可能帶來更多遺憾。此外，我也從書中感受到善意的力量。雜貨店老闆只是單純回信、給予建議，卻在無意之中改變了許多人的人生方向。這讓我想到，平常生活中一句鼓勵或一點關心，看似微不足道，卻可能成為別人繼續努力的重要動力。整體而言，《解憂雜貨店》並沒有艱深難懂的道理，而是用平實的故事提醒我們，要勇敢面對自己的選擇，也要珍惜每一次幫助他人的機會。讀完這本書後，我不只感到心情被療癒，也學會用更成熟的態度去看待未來的不確定性。
0010594847_1_5,Ellen,5.0,2025/04/05,這是我第一次閱讀東野圭吾的作品，被故事情節深深吸引。每個章節看似自成一篇，但每篇之間又互有關聯，最後收尾時所有的伏筆漸漸收攏，讀起來很有想要繼續深究的樂趣。故事本身溫馨感人，透露出舊世代長輩的處事價值，是用虔敬的心來回答所有人的煩惱，無論提問者是否抱著胡鬧、挑釁的心。
0010594847_1_6,xxx2000148,5.0,2025/03/20,暖心的作品，有些會淪爲心靈雞湯，故事太過平庸則沒有閱讀時令人欲罷不能的快感。但東野圭吾的寫作功夫深後，寫小說的步調高潮迭起，能在一篇篇書信中留有文學價值的底蘊。很少小說能讓我看了哈哈大笑後書闔上還能有所反思，這一本解憂雜貨店，幽默之餘還能帶領讀者領略人間至爲可貴的溫情，是我非常推薦的原因。
0010594847_1_7,雪白塵❄️,5.0,2025/03/03,完全不失推理小說的方向，一整個故事都串連在一起，不得不驚嘆作者真的超級厲害，看似是一則一則的，但是卻都是前後關聯，真的很好看。普遍很多治癒的小說都是一則一則，不同的故事線，這就是東野圭吾的厲害，總結很療愈很好看
0010594847_1_8,Z8FCRIH3XN,5.0,2025/02/26,每段故事，各自揪心，卻環環相扣角色的經歷，強迫地成長想要捨命守護的，又豈能盡如人意皆因執著，才會煩惱每次的意料之外害我在捷運都含著一泡眼淚
0010594847_1_9,慢生活的朱莉安娜,5.0,2025/02/14,《解憂雜貨店》是東野圭吾少數以溫暖療癒為主題的作品。故事圍繞著一家開在靜謐街巷的「浪矢雜貨店」。這家雜貨店在白日裡販賣生活用品，夜晚卻搖身一變成為無數人心靈的避風港。只要將煩惱寫成信投進鐵捲門的投遞口，隔日就能在店後方的牛奶箱中，收到來自雜貨店老闆的回信。全書故事橫跨數十年，由幾段看似獨立的人生，悄然拼湊成一幅完整的拼圖。當中有懷抱夢想卻因愛情而躑躅的女孩、有渴望逃離家業去追尋音樂夢想的青年，也有對家庭感到無助與迷茫的少年⋯⋯那些看似細小而輕微的煩惱，深深地影響著每個人未來的人生走向。所有信件穿越了時間，最終串起了一場關於選擇與救贖的旅程。東野圭吾以巧妙的敘事方式，讓看似平行的故事線緩緩交錯。人物們彼此並不相識，卻在一封封信件中互相影響，最終拼湊出完整的故事。正是這種「命運的偶然與必然」，讓我欲罷不能——或許，我在某個瞬間做出的選擇，也曾靜悄悄地改變了某個人的人生軌跡。這本書的結局，並非每段人生都完美收場，有些人依然帶著遺憾前行，有些夢想依舊遙不可及。然而，正是這些微小的「被理解」、「被傾聽」，讓失落得幾度放棄的靈魂再次感受到絲絲溫暖。
0010594847_1_10,May888,3.0,2025/02/13,這是一本很有創意又好看的小說，帶點神秘又有趣的故事，讀起來很開心又療癒，幾段故事、幾個短篇，但環環相扣貫穿前後，有高潮起伏的趣味又令人讚嘆寫故事的功力
0010594847_1_11,Y,5.0,2024/12/17,推薦給想要讀一本溫暖心靈的書的人。國小高年級到中學生也可以嘗試閱讀。這是一個帶有奇幻色彩的故事，裡面有很多不同類型的角色，但是看似獨立的故事最後都在浪矢家的雜貨店和孤兒院丸光園有了交集。作者利用不同角色的主觀角度來描寫相同事件的手法，讓讀者更可以深刻體會到只從單一角度看待事情所可能產生的盲點。看完這本書之後，我的第一個想法是想要試圖回憶自己以前諮詢别人意見或給予別人建議的經驗：當無法對某事做決定，而去求助他人時，是不是真的只是想從對方口中聽到一個符合自己內心期待的回答而已？當回答不符預期時又是否會接納呢？不管最後的選擇是何者，凡事的後果都是要由自己承擔的，即使是因為聽從了別人的建議而做，實際做出選擇和執行的人還是自己！想到這裡，就覺得更該為自己的所作所為完全負責，雖然好像有點偏題了，但也是個不錯的收穫。
0010594847_1_12,yo_tameko.1181,1.5,2024/08/23,包裝只有最上面放一個防撞泡泡紙，側邊完全沒有導致書撞傷，而且解憂雜貨店這本書甚至是沒有包塑膠膜的，只能說有點誇張。
0010594847_1_13,矮子,5.0,2024/06/25,解憂雜貨店是日本知名作家東野圭吾的一部小說。這本書的主題是一家神秘的雜貨店，把自己的疑惑寫成信，投到雜貨店裡，店主就可以幫忙找出解決疑惑的辦法。我覺得這本小說最吸引人的地方是每個角色，都有自己的思想跟思考方式，書中的角色也都描寫的十分生動，他們的煩惱也都在現實中出現過，可以讓讀者跟著書中一起思考問題怎麼解決，讓讀者把自己代入到書中。每一個故事的背後都藏著人生哲理，可以讓讀者探索人性，作者把小說裡每一個人的心路歷程，還有成長都完美表現出來，讓讀者了解故事裡的人物為什麼會做出這樣的決定。這本小說也包含了一點懸疑成分，可以讓讀者享受在劇情當中。在書中，每個情節的設計都非常細心，每個情節都是獨立但又可以串連起來的。如果是喜歡探索人性和懸疑的讀者，非常推薦《解憂雜貨店》
0010594847_1_14,米爾斯,5.0,2024/05/08,在這個世界上，過著群體生活的物種們，無論是哪一個，都有樂於幫助夥伴的良好秉性與天生直覺；不忍心看著他人受苦，你可以解釋為悲天憫人，願車馬衣裘與朋友共，這叫做有福同享。同情他人遭遇而潸然落淚，落實了慈悲的感同身受，對無能為力者伸出援手，是施比受有福的大愛實踐。​​三個迷惘少年的人生，眼看就要毀於一場災難，沒想到卻與重啟聯繫的雜貨店建立連結；思念在時空三態中不停流轉，讓過去與現在情感交融，自己也獲得巨大啟發。書中陳述的每段故事，都有涓滴細流的情感張力，在作者妙筆串聯下，於劇末匯集成汪洋，用溫暖與感性帶走心靈煩憂，同時也為讀者灌注滿滿活力。​​過去與未來的話題，一直是戲劇或電影愛用橋段，以及引人入勝的討論焦點。人類綜合能力雖高於萬物之靈，唯獨無法掌握時空奧秘，只好以能夠控制的當下，來緬懷過去與冀望未來，希望獲得心靈上的安適。當下的力量，是人們最珍貴的寶物，千萬不要小看自己，唯有你，擁有能導正過去與創造未來的能力。
0010594847_1_15,沐沐的閱讀天地,4.0,2024/03/03,看到滿多人推薦這本的，但我個人覺得還好以解憂為主題，發生在一個雜貨店裡，店裡和店外的時空不一樣裡面發生許多投信人的人生故事比較沒有推理的成分，算是一本溫暖的書
0010594847_1_16,獨書先生｜ig: Bookrev_w,5.0,2023/12/02,📍平凡的街道上 座立一家名為「解憂雜貨店」的舊式店舖 只要將帶有煩惱的信件放進投遞口 隔天便會收到回信解答📨📍幾個看似不關連的故事 在不同境遇中串連在一起 信件的時空穿梭 三個誤打誤撞的搶匪意外成為雜貨店的「接班人」為眾人解決煩惱 故事奇幻又帶有點推理情節 透過奇幻的時光雜貨店為五位迷失方向的人解憂 成為他們提供人生哲理的導引🛤🔎其中有兩個故事最令我印象深刻 當中既有迷失及感人的情節 兩位需要解決煩惱的人向雜貨店求助 沒想到解答者竟然是另有其人 卻同樣能引領他們進入人生另一種意義🔸🔸🔸🐟魚店音樂人的夢想🎼主人翁擁有創作音樂的夢想 家庭卻希望他承繼家族傳統的魚店生意 主角迷失於音樂以及繼承家業的兩難局面 曾嘗試向音樂發展 卻遲遲未有得到賞識及讚揚究竟主角最終的命運是甚麼 他能否為自己的人生找到歸宿及定位 會是順從父母繼承衣鉢 還是向自己的夢想出發 成為真真正正的音樂人？🔎最後的結局令我非常欣賞及感動 作者加入當年的時事作引例 貫穿現實社會事件 增添了時間流轉以及橫跨三十年的歷史洪流 或許結局未盡人意 但你總會為別人帶來希望及感恩之心🔸🔸🔸👩‍👧綠河的女兒👶🏻❤️故事主角因不慎擁有了孩子 但家境貧窮以及感情關係之間的不明確而感到迷惘 在生小孩與放棄之間作出抉擇她所選擇的道路會是甚麼 最終會為眾人帶來怎樣的結果 若在責任以及恨心之間做出決定 你又會如何選擇 你的選擇又會是正確還是錯誤？🔎又是一個非常精彩的故事 凡事不能只看表象 人是擁有感情的生物 有了心理準備 能夠讓人幸福美滿 事件總不是偶然或者幸運 也不是甚麼奇蹟出現拯救世人 而是有人一直守護在你身邊📝「會來諮詢的人通常心裡都已有了答案，詢問只是想得到更多的支持。」沒有人能夠為問題提出正確答案或標準答案 所謂正確只是來自於自己的想法及感受 人人生而不同 也會有不同的意見及情感 最終走出人生道路的都會是自己📝「正因為是白紙，所以可以畫任何地圖，一切都掌握在你自己手上。」✨人生充滿無限可能 會有煩惱迷失的時候 你擁有自由 能夠自己選擇想要的方向前進 也許路途遙遠或充滿不安 但最終必定能達到彼岸 向心中繁花似錦的人生目標邁進🌄/評價：📚📚📚📚📚(5/5)—————————————————————————————————。人生沒有正確與否，敢於冒險，遇上錯誤的時候，再轉彎也未遲。
0010594847_1_17,彩喵,4.5,2023/10/25,"一篇篇的小故事最後卻都連接起來,有對人性、對家庭\、對母愛、對於自我認同人生的探索,縱然是孩子也可以看得懂,哪怕當成一般故事看也可以,最近看的書當中很愛的一本"
0010594847_1_18,ccc,5.0,2023/04/16,沒有驚悚的內容，看似故事內容平淡卻環環相扣，看完後腦中仍會一直回想故事情節、人物之間的關聯，很喜歡這本書。
0010594847_1_19,ypy,5.0,2022/11/20,2013年曾寫過本書書評，2022年11月再寫一次，把舊的書評刪除...因入手一本日文版，發現還挺難讀的，於是將中文版找出來參照讀很詳細逐字逐句閱讀，發現中文版有漏譯幾句...而且也不是逐字翻譯，有的難句竟然用意譯的方式不過也不能怪譯者...看原文書就算有字典在手，也不知作者想表達啥...非得看中文版才知道正確含意譯者這樣翻譯應該有開過編輯會議討論，或者找日本人諮詢
0010594847_2_0,有好有壞,5.0,2022/07/29,"與其說這是一本懸疑小說，我更認同它是一部深刻探討人際關係的作品，作者以細膩的手法，時空交錯的講述著故事，總能讓人在某個環節讚嘆「原來如此」，驚訝「他們之間竟然有關聯」，這是咀嚼文字的樂趣。書中以「浪矢雜貨店」為主軸，老闆的""不務正業""，透過書信往來幫大家解決疑難雜症，成為他一生當中最重要的價值與意義。因為匿名的緣故，讓許多難以啟齒的話得以講開，但也因為如此讓很多真實的背景遭到隱匿，留下了雙方的模糊空間。我很喜歡浪矢老闆對於回信解惑的概念，他認為其實每個人在寫信時就已經決定了自己要怎麼做，他們只是希望透過第三者的認同來增強自己的信心，所以解決問題的主導還是在事主本身。這不就好比我們所信仰的神祇？人們總在困頓時找上神祇，透過各種方式探尋神意，希望得到神靈的幫助。然而實際上真正能解決問題的只有自己，所謂的神意也只是增強信心的安慰劑而已，人才是主體，神沒有能力去為你做決定，就如同浪矢先生一般。在諸多的案例中，最觸動我內心的是漁店音樂人以及蹺家的小開。漁店音樂人拋下家業，甚至是照顧父母的責任，努力追尋著自己的夢想，直到生命的最後一刻都沒親眼看見自己的音樂有發光發熱的一天，而是為了拯救一條小生命而葬身火場，這是何等不值？但為了理想奮不顧身，真真切切努力過，驀然回首，留下了一抹璀璨，這一生真的不值麼？蹺家的小開為了逃脫家境潰敗，為了逃離父母的掌控，過著隱姓埋名的數十年歲月，最後才發現當年的離開導致了父母的自殺，臨終前還想著要保護小孩，把小孩的""死""也寫進遺書裡，讓他真真切切成了一張白紙，數十年的怨總算得到化解，然而悔卻從此伴隨一生。而汪汪女老闆的際遇，是裡頭真正遵循""神意""而獲利的人，但這裡的神不是浪矢，而是三個被社會所歧視的底層小混混，或許這是作者的諷刺吧？！或許這世上真的有知曉未來的神可以給予幫助，但如果汪汪一味的遵循神意，那麼她就會失去了自我節制的能力，迷失在金錢利慾的流轉間，就如同她斷然拒絕饅頭小店老闆的哀求給予機會一般，如果沒有最後被綁架的這個契機，那麼很有可能只是再造就出一個冷血的勢利商人，而安排三個混混來綁架她，或許是浪矢老闆的巧妙安排吧？最後一封對於空白來信的回覆，則是把整個故事做個結論，每個人都是帶著定見來徵詢的，哪怕只是投遞一張白紙，浪矢老闆總能將它善解，讓對前途迷茫的年輕小夥子得到救贖，每個人的生命都有意義，人的一生不會是空白.......這本書之所以敲擊內心，在於我總能在人物角色間找到自己的投射身影，彷彿自己也逃不出作者的掌握。是啊！人生有太多的苦難，有太多的選擇，每一種選擇都沒有對錯好壞，看的是自己的內心以及承受後果的擔當......."
0010594847_2_1,wow,5.0,2022/05/25,沒有推理，沒有罪惡，沒有兇手。令人驚喜。東野圭吾不曾讓人失望。故事很溫暖，我是慢慢、慢慢看完的，細品更覺文字埋藏的深意。「因為是白紙，所以才有無限可能啊」
0010594847_2_2,Christmasbb,5.0,2022/05/06,真的很感動的一本書～看過電影後再來看原著更有感覺，覺得劇情設定很新穎！還有提到上個世代的很多故事，在那個年代我們無法體會到的許多人事物。
0010594847_2_3,書封的材質很糟糕  竟然會翹起來⋯,5.0,2022/01/06,這本書真的溫暖又精彩我原本以為只是一本輕小說沒想到跟著故事的節奏轉來轉去的整個出乎意料故事中帶給人很多啟發而且不會讓人覺得流水帳有劇情有張力有高潮也讓人很有啟發我覺得真的是2021年最好的一本小說了
0010594847_2_4,YY,5.0,2021/10/24,"初次閱讀時,覺得這本書似乎較接近伊坂的敘事方式;最近又重讀的這本小說,重新感受其佈局:多個故事皆有關聯,也互相呼應;將其重組後,似乎對於整個故事的世界更有全面的了解;"
0010594847_2_5,Willy,5.0,2021/10/14,記得第一次看這本是國中老師指定它為班書，打開後不到一天就看完了哈哈，裡面的友情、親情等等都描述的十分到位，令人心頭湧起一陣溫暖的感覺。
0010594847_2_6,aaa,5.0,2021/10/10,當初在圖書館看到這本書，就有很深刻的印象，畢竟能像這本書一樣讓人一直想看下去而且劇情又很有意思的書應該不多見，結局也可以看到作者的用心。
0010594847_2_7,芳,5.0,2021/09/28,此書環環相扣，不愧是東野圭吾大師，每篇看似獨立，卻一環扣著一環，最終成為一個圓圈，我推薦大家一定要來看看這本書
0010594847_2_8,Tom Lin,2.5,2021/09/12,不應該叫解憂，應該叫憂鬱店。怎麼可能有人去火場救別人家小孩，作者在幻想自我安慰嗎。小芹被爸媽怎麼虐待的也沒說，怎麼可能因為一個陌生人的出現就說要傳愛不是恨。最後只讓我覺得沒有解憂，只有增加憂。不知道是誰帶頭亂推薦，浪費我好多時間。
0010594847_2_9,POOHSANTHOUGHTS,4.5,2021/09/02,這本書我非常推薦給每一位朋友！！！🥰書中講述了我們在人生中各方面的難題我們找別人來咨詢一些問題的同時其實我們心中已經有了相對的答案有時候只想別人肯定自己的選擇即使我們聽完別人的意見而沒有作出任何選擇但事情也會隨著我們心中當初既有的選擇來發展✨每個人都曾站在人生的十字路口上面臨選擇過因為不知道前方會是什麼樣的風景或挑戰在等著自己深怕一選錯就會毁了自己的人生當下不了決定時候就很想找人相量或者說是參考別人的經驗或意見來決定自己的下一步該如何抉擇?🌚但其實我們每一個當下的難題都是在未來我們口中所謂的「不過如此」而其實每一個難題只要我們做到無悔地抉擇即使每一個當下覺得是「壞」的選擇在未來也會出現「好的救贖」在乎的是你用怎樣的角度去看待事情只要做好自己上天自然會有最好的安排在等著我們～🌝正如書中所說的：「你的地圖是一張白紙，所以，即使想決定目的地，也不知道路在哪裡。🌫地圖是白紙當然很傷腦筋，任何人都會不知所措。😭但是，不妨換一個角度思考，正因為是白紙，所以可以畫任何地圖，一切都掌握在你自己手上。🌞你很自由，充滿了無限的可能。🕊這是很棒的事。🧚🏻‍♀️我衷心祈禱你可以相信自己，無悔地燃燒自己的人生。」🔥
0010594847_2_10,Clearday,5.0,2021/06/14,這本書讓我聯想到曾經看過的一本書［在天堂遇見的五個人］人與周遭的人甚或是陌生人都有機會產生連結與影響，這本書印象最深刻的是不放棄夢想的音樂人，最後因為救人而犧牲自己生命，但他的音樂在他死後流傳下來了，看似遺憾的事情，換個角度想音樂人是用另一種方式活下去；這是一個人帶給另一個人的影響力，甚至可以影響更多人將這個善意傳達出去。人的一生總是充斥各種煩惱、充滿著各種選擇與不確定，總希望有人能在我們需要的時候為我們指點迷津從中獲得一些肯定與力量向前走。這本書充滿良善與溫馨，我也希望能夠盡自己所能幫助別人，讓這個世界多一點溫暖。這是一本適合睡前閱讀的小說！
0010594847_2_11,書閣,5.0,2021/06/07,最近解憂雜貨店出了新的書封，有興趣的人可以用藝fun券購買收藏喔。（但我較喜歡舊版的。）我是先看過電影再對書有興趣，看完覺得滿心的感動，溫暖洋溢充滿胸口。是本能讓自己向前邁進的正能量小說。無雷大意：主角為三個從小在孤兒院長大的男孩，步入社會後發現自己與社會格格不入（被上司怪罪莫須有罪名等等），因此萌生偷竊的念頭。在一個準備犯案的夜晚，他們因車子拋錨而躲藏到浪矢雜貨店，發現不斷有人投遞寫滿煩惱的信件到雜貨店裡，而且是來自33年前的信。三人開始回信給有煩惱的人們，解決了許多人的憂愁，再次感受到自己也是對社會有益處的。「她感謝的是我們，是對我們說謝謝，對我們這種人，向我們這種不入流的人道謝。」他們收到的感謝信如此寫到。而他們三人眼睛也透露出以前沒有的璀璨光輝。浪矢雜貨店原本是由浪矢爺爺替人解憂的，直到他過世33年後，意外由這三個年輕人接手了一晚。在那個夜晚時光通道開啟了，發生了很多溫暖人心的故事。書封上寫了：「那時候的回答，拯救你了嗎？」整本書裡看似互不相關的故事其實都是有連結的，很喜歡這點，細小的火苗終於連結在一起，並燃出希望的火焰。偶有熱淚在眼眶，但也不至於煽情，動人的故事內容令我回味再三。
0010594847_2_12,琳達,5.0,2021/05/10,真的是本很奇妙很好看的書，可以細細品味，慢慢推理．我是先看電影才看書，看電影時我都已經哭到不行了，作者的筆中的溫度更是讓我感動流淚。每個人都會有不同的煩惱，或許跟書中的大家一樣，自己心中都有答案，缺少的只是有人推進一把，希望現實中也有這種能夠傾聽別人，給人意見的地方．
0010594847_2_13,鱈魚,4.5,2021/05/09,作者巧妙的利用丸光園和浪史雜貨店把所有的人物關係緊密的聯繫在一起，雖然很厲害，卻有種世界好小的感覺。這本書也沒有太多需要推理的地方，但看完之後會覺得心暖暖的。
0010594847_2_14,書蟲尼莫,4.5,2021/05/05,解憂雜貨店教會我的事，勿以惡小而為之 勿以善小而不為。福份將成一個循環，總有天會如天降甘霖般滋潤著未來的你。冥冥之中都注定好了誰與誰的緣分，只要按部就班做好當下，其他交給命運安排，我相信是對自己最盡力的負責了！
0010594847_2_15,小L,4.5,2021/05/03,這本書沒有懸疑推理或太多燒腦成分，一開始多少有些失望。但一頁頁看下去卻發現是本非常感人有溫度的作品。尤其感到人生迷茫時閱讀，會讓內心有種安定的感覺。此刻的努力與付出不會白費，終將會成為生命中的一頁精彩。
0010594847_2_16,白櫻樹,4.5,2021/04/19,很喜歡這本書，好幾段看完都感動的哭了，帶給人喜悅與力量的一本好書。而且劇情環環相扣，一點也不會有突兀的感覺，人物刻劃立體，劇情的鋪陳也讓人能毫無負擔的閱讀下去。
0010594847_2_17,安仔,5.0,2021/04/03,之前一直聽這本書有許多人對它讚譽有佳，但是一直沒時間也對日本小說有些倦怠感，所以一直沒有去讀。到了今天讀完這本書我終於明白為何大多人對它好評不斷本書雖是眾多短篇匯聚而成，但是每篇都有相互關聯內容是主角三人在一家廢棄的雜貨店收到過去的信件，都是遇上許多人生難題，希望得到一些答案。在這過程中，主角三人解答、討論該如何解決這些信件主人的人生困境，並救贖了這些人本書的最後，主角三人收到過去雜貨店老闆的信件，也得到他們人生中的答案和方向究竟他們問了什麼問題，回答了什麼問題，就由讀者自己看了
0010594847_2_18,我想睡覺,5.0,2021/03/04,很少用自己的角度去評判我所看到的美麗事物，不過看完這本書之後，我也想明確表達，這本書我覺得能表達的，更多是人對自己一生的態度，沒有一出生就知道自己該怎麼活，該做甚麼，每一部我們踩踏的都是未知，我們不段探索，也害怕受傷，這是人生的險惡與關卡，而這本書貼近的並不是所有人的一生，而是人生各種不同的樣貌，作者實在太會描繪了，人的心境每一個小部分都表拔得非常好，可以細品每段文字，又不會單調乏味，更多是心情的沉澱以及生活的寄託，相信在繁忙的生活裡你需要這本書，他追求的不是刺激，不是新的體驗，是人生真實的一部份，每一段故事的人物都看似毫無管系，實則關係緊密，讓人看的心理會很舒服，也是一本能品嘗好幾遍的作品。
0010594847_2_19,婷,5.0,2020/10/13,很溫暖的一本書看完會覺得被療癒到書中的角色們其實也都在互相治癒著彼此電影也翻拍得不錯都很值得一看
0010594847_3_0,Claire的好事頻道,5.0,2020/08/24,頭銜或名聲都是身外之物直到看到這本才理解東野圭吾的成名並非偶然非常喜歡即使跨越不同年代故事線卻仍輕鬆好讀即使是不同國籍、不同身分、不同處境那份情感卻描述得如此貼近就像你我皆會遇見的推薦給偶爾不知道怎麼幫助自己或不知道怎麼面對自己茫然而疲倦的人們
0010594847_3_1,Addison,4.5,2020/02/20,這本真的跟《空中殺人現場》同一個作者嗎？至今為止從沒看過這麼好看的小說。坦白講，一開始只是當作睡前讀物而已，但第一次翻開以後總捨不得闔上書本，每天最為期待的事情竟然成了睡前一讀《解憂雜貨店》！這本小說最為迷人的地方，在於使用人生百態的個人故事，連結成一個又一個難以解釋的連繫，當中讓人有哭、有笑、有感動，更有瞠目結舌其中故事中人物的一切是那麼地真實，彷彿是身處我們生活周遭般難以忘懷。閱讀到最後眼看頁數越來越少，反而越來越心急「天啊不要可以就這樣結束了」之感，相信很多朋友每次閱讀這本小說也有相同的感覺。*博客來不知道有機會能不能開個線上/線下社群，讓喜愛閱讀的人們可以互相分享和交流閱讀的樂趣和推薦心得，對於閱讀的推廣、讀者的支持和書籍的銷量可能都有相當程度的幫助，尤其是人手一機的時代中，相信書籍的迷人所在更具有箇中意義。
0010594847_3_2,小羽,2.0,2020/02/07,推理我覺得稱不上，線索鋪陳給的不足，導致因與果之間的關聯沒有到唯一、不可取代的地步，一連串的事情只能用巧合甚至是日文書名的「奇蹟」去解釋。我對這本是貶多於褒的，我認為這本最大的缺點是太強調雜貨店帶來的正向影響，即使根本沒有雜貨店的什麼事，詢問人也能把功勞歸於雜貨店（第一篇）；還有全家跑路的那篇，在三十多年後寫一封假的故事信去給雜貨店有什麼意義嗎？難道是為了達成100%的解憂業績？浪矢爺爺也看不到啊。要是讓雜貨店從主角的位置挪開，當個重要的配角，把那種很刻意的奇蹟拿掉，或許更能讓人體會到平淡中帶來的療癒感。另外我也很疑慮，未來的人到底能不能透漏訊息給過去的人？音樂人的命運幾個年輕人只是用隱晦的方式告訴了他，可是第五篇，年輕人卻很明確地透漏了未來的經濟趨勢？
0010594847_3_3,Yi wen,5.0,2019/10/27,人人皆有煩惱，但認真面對不會錯的。幸平、翔太、敦也三人某次行贓後躲入一間老舊閒置的雜貨店，竟發現室內時空流逝的速度迥異於後門外的現實世界，他們收到數封署名給浪矢雜貨店的匿名信，包括為男友病況而苦的奧運練習選手、在東京追尋音樂夢的鮮魚店繼承者、不安於經商父母欠債跑路的披頭四少年樂迷、受姨婆養育之恩的酒家少女。這些人有的與耐心溫柔的雄治先生書信往來，有的陰錯陽差收到三人直白的回信。前兩章有如各獨立的短篇案件，但隨篇章推進，漸漸發現這些主角都在雜貨店鄰近的孤兒院住過一陣子，而孤兒院創辦者更曾與雄治有過一段不為人曉的往日情。與常見諮商方式不同的是，這個故事帶入了雄治有神奇能力得知33年後諮商人對於當時建議的回饋。而乍似與浪矢家族交集平行的三人，最後也誤打誤撞地收到測試用白紙細膩真摯的回函。1 藤川博如果當初留在父母身邊，一家人的命運是否大不同？2 富熱忱卻遍尋不著伯樂的追夢人--如果放棄回東京，是否有機會逃過火險？3 奧運培訓種子選手--若當初坦承面對自己逃避練習的心態，也許不需要把時間用在堅持上？與其稱之為推理小說，個人更認為這是本療癒系作品，探討人性取捨以及面對難題時做出抉擇的歷程。東野圭吾的文字平實卻句句簡潔能帶給人諸多反思。
0010594847_3_4,小蒼山,5.0,2019/10/24,這是一本好看的書，當初絕對不是因為喜歡作者而購買書，也絕對不是因為看到書評而衝動購買。單純只是因為在博客來網路書局買書，為了湊滿金額加上有推薦聯合購買較優惠而買。但是就猶如人生在每個路口或轉角，都會有一些驚喜等待我們去碰觸。一打開這本書開始閱讀後，我已經很久沒這麼愛不釋手地一直翻閱(雖然這陣子購買的書，每一本我都是這樣說.....)。我一邊閱讀，內心一邊在劃一條直線，在這條直線上每隔一小段距離就垂直畫下小刻度，在小刻度下填上書裡的每個出現的人事物時間，反覆的插入事件與思索，慢慢才釐清這個作者想要呈現的畫面與故事情節。繞一個圈圈回來後，還是人性的救贖拯救了你我的內心!!好好看，超推薦!
0010594847_3_5,天天,5.0,2019/10/21,"雖然作者一直以來都是寫推理小說類型，但是寫劇情小說的功力卻依然超群，小說中的各個人物設定都很""真實""他們會遇到我們會遇到的煩惱跟我們會遇到的挫折，也因為這個原因，讓讀者都能默默代入每一個角色中，並共同體會角色遇到的歡樂與淚水作品中我最喜歡的橋段是為了夢想而放棄家中行業，最後又被迫放棄的青年，即使他的結局與角色的初衷與走向無關，作者卻用別的方式來切入這名角色的結局，來傳達人性的善良性，雖然他背負者許多東西，最終仍是義無反顧的犧牲自己拯救他人，這一幕確實令我動容，並流下了眼淚這部作品記載了許多人許多事，他們彼此毫無相關，卻又因為某種因緣而被聯繫在了一起也許現實生活的我們也一樣，遇到了那麼多的過客，卻也同時遇見了那麼多緣分這本書在情感與人物的描寫上太出色了，我會推薦給所有喜歡小說的人"
0010594847_3_6,chiayu,4.5,2019/10/13,一間老爺爺經營的平凡無奇的雜貨店，竟在三個小偷的闖入後，有了不一樣的故事......這間雜貨店不僅賣日常生活用品，更傾聽你的煩惱，幫助你解決問題，這間不可思議的雜貨店，也在三位小偷的抽絲剝繭之下，漸漸找回了過去。
0010594847_3_7,凱傑,5.0,2019/05/12,每當我讀得越是深入 不知不覺間故事也似乎漸漸指向我的人生 藉著交錯的時間線和神秘感 營造出一種讓人得以用第三人稱來看待每一個事件 又或者叫做每一個人生經歷 而當我們能以客觀的角度去解決問題時 理性也能減緩感性在事情發生時的衝動 是一本可以發人深省 並檢討的好書
0010594847_3_8,Edna Hsu,5.0,2019/05/07,分別在看了中、日版本的電影後才決定把書買回去收藏，發現東野圭吾的文字力量真的太大了！閱讀後會發現電影的鋪陳真的是遠遠不及紙本書。讀者可以像看小說一樣以第三者的角度去看每封信、每個故事，卻又會不知不覺發現某些故事和自己人生的重疊，然後在各個角色找到方向時，也跟他們一樣獲得療癒。真的是一本很值得收藏、反覆拿出來讀的好書！
0010594847_3_9,顏廷安,4.0,2019/01/17,我從書中一封封浪史先生的回覆信中發現了他其實從來不覺得自己的答案能夠真正的解決他人內心的煩憂，但信中字裡行間總是透露出他對對方的那份關懷和真誠，而他總是能在信中的字裡行間找出對方內心所真正思考的事。他曾告訴寄信人其實他們寫這封信的原因並非真正不知道如何去解決自己的麻煩，他們只不過是想獲得另外一個人的肯定罷了，而確實地是這些人在經過諮商後都找到了自己的方向。作者還是運用了巧妙的手法把每一個人物串聯再一起，但卻不顯的荒唐突兀， 這本書讓我第一次體會到懸疑和溫暖所交織出的感動，而這樣鮮明的新鮮感是我從未感受過的。
0010594847_3_10,陳耀中,5.0,2019/01/04,"一開始是先看過影片，再回頭去讀小說，這樣的順序好處是看著文字可以很便利的腦補畫面，缺點是會被電影情節框住......與其說這是一本懸疑小說，我更認同它是一部深刻探討人際關係的作品，作者以細膩的手法，時空交錯的講述著故事，總能讓人在某個環節讚嘆「原來如此」，驚訝「他們之間竟然有關聯」，這是咀嚼文字的樂趣。書中以「浪矢雜貨店」為主軸，老闆的""不務正業""，透過書信往來幫大家解決疑難雜症，成為他一生當中最重要的價值與意義。因為匿名的緣故，讓許多難以啟齒的話得以講開，但也因為如此讓很多真實的背景遭到隱匿，留下了雙方的模糊空間。我很喜歡浪矢老闆對於回信解惑的概念，他認為其實每個人在寫信時就已經決定了自己要怎麼做，他們只是希望透過第三者的認同來增強自己的信心，所以解決問題的主導還是在事主本身。這不就好比我們所信仰的神祇？人們總在困頓時找上神祇，透過各種方式探尋神意，希望得到神靈的幫助。然而實際上真正能解決問題的只有自己，所謂的神意也只是增強信心的安慰劑而已，人才是主體，神沒有能力去為你做決定，就如同浪矢先生一般。在諸多的案例中，最觸動我內心的是漁店音樂人以及蹺家的小開。漁店音樂人拋下家業，甚至是照顧父母的責任，努力追尋著自己的夢想，直到生命的最後一刻都沒親眼看見自己的音樂有發光發熱的一天，而是為了拯救一條小生命而葬身火場，這是何等不值？但為了理想奮不顧身，真真切切努力過，驀然回首，留下了一抹璀璨，這一生真的不值麼？蹺家的小開為了逃脫家境潰敗，為了逃離父母的掌控，過著隱姓埋名的數十年歲月，最後才發現當年的離開導致了父母的自殺，臨終前還想著要保護小孩，把小孩的""死""也寫進遺書裡，讓他真真切切成了一張白紙，數十年的怨總算得到化解，然而悔卻從此伴隨一生。而汪汪女老闆的際遇，是裡頭真正遵循""神意""而獲利的人，但這裡的神不是浪矢，而是三個被社會所歧視的底層小混混，或許這是作者的諷刺吧？！或許這世上真的有知曉未來的神可以給予幫助，但如果汪汪一味的遵循神意，那麼她就會失去了自我節制的能力，迷失在金錢利慾的流轉間，就如同她斷然拒絕饅頭小店老闆的哀求給予機會一般，如果沒有最後被綁架的這個契機，那麼很有可能只是再造就出一個冷血的勢利商人，而安排三個混混來綁架她，或許是浪矢老闆的巧妙安排吧？最後一封對於空白來信的回覆，則是把整個故事做個結論，每個人都是帶著定見來徵詢的，哪怕只是投遞一張白紙，浪矢老闆總能將它善解，讓對前途迷茫的年輕小夥子得到救贖，每個人的生命都有意義，人的一生不會是空白.......這本書之所以敲擊內心，在於我總能在人物角色間找到自己的投射身影，彷彿自己也逃不出作者的掌握。是啊！人生有太多的苦難，有太多的選擇，每一種選擇都沒有對錯好壞，看的是自己的內心以及承受後果的擔當......."
0010594847_3_11,江宛臻,4.0,2018/12/16,這是我第一次接觸東野圭吾的作品，一開始是因為被翻拍成電影還有加上朋友的強力推薦，才知道這本書。但單看書名，以為是一本枯燥無味的小說，沒想到作者把五則看起來獨立毫無關聯但其實密不可分的小故事貫穿起來，真的不虧是日本小說界的人氣王～～看完這整本書之後，讓我深深有反省，以前朋友或家人有煩惱的時候，我是否有像書中雜貨店的爺爺那樣認真思考後才回答，還是只是隨便敷衍了事。雄治爺爺非常重視每一個問題，儘管是一張空白信，他還是費盡心思的在回信。他真的是一位具有智慧、責任心同時對每件事都肥腸用心的人，他回覆求助者信件那種認真負責的態度是值得我們學習的。現在我也開始注意未來回答別人的問題之前是需要用心思考過後才能回答，不可以再像以前那樣不經大腦又隨便敷衍了事，以免不僅沒有解決到別人的問題，反而造成別人的困擾或產生負面的想法，當我們認真的回覆他人的問題得到解決後，不僅替對方高興，自己也同時產生了正向的能量與快樂。解憂雜貨店是一本溫暖又充滿正面能量的小說，值得我們一再回味～
0010594847_3_12,檸檬,5.0,2018/08/29,解憂雜貨店結合了夢想、親情、孝順這些重要的元素，表現出人性的重要環節。它點醒了跌落在失敗谷底的我們，未來有著無限可能，就抱持希望繼續向前吧！
0010594847_3_14,王惠美,4.0,2018/03/27,架構勉強算完整，但是類似風格之前已有小說和電影使用，2005年奧斯卡金像獎最佳影片「衝擊效應」算是運用的很淋漓盡致的。不同的是，這本小說運用了奇幻和科幻的元素來包裝，科學的部分自然直接略過，因為不是作者的長處，這在閱讀的時候會有一種模糊感，讓你覺得這故事是假的，本來就沒要你相信，在感動的營造上，卻實不易引起讀者心中的「衝擊效應」，但整體來說，屬於很正面且具啟發性的小說，我給4顆星。
0010594847_3_15,IG：寫小說的人,3.0,2018/02/23,東野圭吾在這本書內也運用了他最擅長的埋線手法，將線索、思緒慢慢沿著故事發展擺放，於是在五個短篇中，各自人物交錯複雜的關係，要到最後一章才能看盡全貌。最喜歡的一章是【深夜的口琴】，它讓我思考：「拿性命來換名留青史，換不換？」人終究要邁入死亡，只要世界上還有一個人在閱讀、傾聽或欣賞你的作品，你就能與它一起進入永生不死的殿堂。像披頭四。像李小龍。像梵谷。《解憂雜貨店》的溫馨絕對是來自於回覆煩惱信之人的體貼與慎重，才能溫柔撫平他人煩惱的皺摺。當然，也不能忘記，最後作出選擇的人，並不是回信的人，而是寫信的自己。
0010594847_3_16,橘貓胖咪,3.0,2018/01/24,劇情進展一小部分時，就可以猜到這是個穿越時空的故事，但這不是重點。嚴格來說，這不是推理小說，勉強可以歸類在奇幻文學，它在一個扣著一個的故事中，傳遞了暖暖的人情味。在每個人不同的心境轉折中，看到人性的光明面。作為一本沒有死人的推理小說，應該說是很成功。雖然東野在人物塑造上一直是比較弱的一環，但在情節渲染的功力上多少可以補強，看完有種很暖心的感覺，可以傳遞給人正面能量。
0010594847_3_17,Y,5.0,2018/01/18,非常好看的一本小說，電影也非常好。看了以後可以再三回味，獲得很多啟發。
0010594847_3_18,Joyce,5.0,2018/01/09,看完以後仍然回味無窮的書雖然這麼說很老套但這是真的！太好看了啊～有種太快看完捨不得的感覺
0010594847_3_19,piki,2.0,2018/01/09,不適合喜歡東野圭吾推理系列的書迷，封面的介紹把書內容都講完了，對於人物的刻畫只有第一個選手稍微深一點點，其他信件主人都沒有可以感染人的情緒，故事平順無起伏的就結束，非常普通，像很多沒那麼大咖作者都能寫出的故事，有點浪費東野圭吾的名氣，有人買的話借來看看就可以了。
0010594847_4_0,艾芮,5.0,2017/12/13,真的不需要多說 因為每個讀者有的感動都不同但是這本書一定會帶給你眼淚雖然不是東野平常的推理類 但是十分傑出看完後會有讓你想認真活下去的信念絕對不能錯過 電影也很好看!精彩的詮釋
0010594847_4_1,CHEN,5.0,2017/11/19,憂愁被解開的可能——從《解憂雜貨店》三個少年談起當我看見你們的傷，我便不再疼痛如初了。. . .#讓感動再次一年多前我看過東野圭吾《解憂雜貨店》這本小說，當時看完，在書的內頁用顫抖的手寫下「從頭頂麻到腳底。」，黑筆字跡歪歪斜斜，寫完之後，把書蓋上，小心翼翼地放回櫃子裡，心中滿是情緒，裡面有驚訝、有感動，還有更多難以言述的感受。或許是因為太複雜了，久久不願再觸碰裡面所蘊藏的一切。等到看到翻拍的電影預告後，我才想起當時一切潛藏的情緒，或許不能再次忽視。這個週末進了電影院，從中段開始，便被電影中深刻的情感所感動，眼淚不止直到結尾。在昏暗的空間裡，不時可以聽到角落默默傳出來微顫的啜泣聲。http://writing-program.blogspot.tw/2017/…/blog-post_19.html…#解憂雜貨店《解憂雜貨店》故事設定在一個多年前平凡不過的雜貨店，只要將心中煩惱的事情，寫出來貼在雜貨店外的板子上，或投進信箱裡，老闆就會回信解決各種煩惱。許多年後，三個少年犯罪者因為藏匿的機緣，碰巧進入已成空屋多年的解憂雜貨店，意外串連起兩段時光。透過信箱，一封封來自過去的諮詢信，來到現代；而少年們一封封的回信，也回到過去，為諮詢者的人生帶來巨大的轉變。#你說你的故事但我卻想起了自己當三個少年在空屋雜貨店裡，收到其中一封信，起了極大的衝突。那是一封來自一個女孩汪汪的信，她白天是公司的一個行政人員，晚上為了多賺點錢，會去當陪酒小姐。因而認識了一個大老闆，大老闆願意幫她完成開店的夢想，但是要她當婚姻關係外的女人。其中一個男孩聽到信的內容，十分憤怒，直說這種女人不要臉，這種信不用回了。但卻被其中一個朋友直指，他的憤怒，其實是因為他想到自己母親，也是在這樣關係下而生下他，他一生沒有享受過父愛所致。面對突如其來的直言，讓少年十分生氣，同時也攻擊，其他兩人，一個被丟棄在投幣式置物櫃，另一個被父母凌虐的悲慘過往。因為一封信，意外打開三人塵封已久，不願面對的過往。激烈爭吵後，深受父母不正常關係所害的少年，決定以過來人的身份，給徬徨於被包養致富和默默奮鬥之間的汪汪小姐一些建議。我想，少年之所以願意提筆，正是因為自己過去這段人生經歷所帶來的痛苦，讓他不願再見其他人重蹈覆轍。而在思考書寫到過程中，三個少年看到許多人的故事，意外想起自己的過往，曾經以為只有自己有的憂愁，其實發生在每個人身上，只是以不同的方式呈現而已。長期累積的壓抑，也因此獲得某種程度的解脫。所以他們願意把封閉的心打開，一封一封真誠的回覆那些憂愁者的信件。#我想起那個夜晚還記得那一天，我情緒也潰堤了。長期承擔工作所累積的不甘願，讓我難以負荷。坐在走廊上，我哭得慘烈，身旁的同學揪著我的衣服，不時摸摸我，讓我感受這個世界的觸感。等我宣洩完情緒之後，我拍了拍他那隻一直陪伴的手，說聲「謝謝。」然後他把他那隻平凡不過的手收回去，看著自己的手，跟我說起他心中那些不平凡的憂愁。他說起他的傷心、憂愁，他說起他諮商的歷程，他說起他的父母，他說起他無數次的眼淚與掙扎。因為他的故事，我再一次眼濕鼻酸。我突然發現，我並不是這個世界，最慘的那個。還有千千萬萬人還在掙扎、還在努力。我多麼感謝那個時刻有他的陪伴，我多感謝那個時候，他願意跟我述說自己故事。這些故事來自脆弱，卻帶給我無比堅強的力量。起身後，我給他一個不能再更緊的擁抱。我們兩個彼此打氣，說要加油。那次之後，我們知道彼此的心事，但卻有默契的保持距離，因為關愛需要距離才能使人珍惜，但是我們知道我們是星空中兩個寂寞的星子，互相分享著種種的心事，那在有時略顯冷漠的世界，或許已經足夠。#誰被諮商了在一次次的關係當中，我發現助人與受助本身界線不明，有時我們抱著要去幫助人的心，卻從中收穫許多；有時候我們尋求協助，卻發現自己在尋求的過程當中，建立起他人的自信，也幫助他人看到自己身上不曾看到的美好。團體中，藉著彼此的互助建立自我的信心，在這個同時，也藉著彼此的分享述說，見苦知福，看到自己身上的美善存在。不斷的交互作用中，開始讓失落的靈魂，有了交會的可能；讓人從自嘆自憐的孤寂感中脫困而出。#以自己的缺憾幫助對方的不完美《解憂雜貨店》中三個少年，正是在別人的困難憂愁中，看見自己的煩惱，他們想起自己人生的故事。思索自己人生缺憾的同時，他們在腦中的重整與思想，本身就是一種自我的療癒。當他們一字一句寫下給他人的建議時，同時也是不斷地對自己進行一種述說。述說著彼此之間的心事，其實可以藉著一道一道命題的解開，而有更好的解方。從某種角度來看，我十分肯定人性當中的慈悲與憐憫。因為它們的存在，我們才得以從一次次的挫折當中，重新站起。平常的互動當中，我們總是故作堅強，要讓自己最強盛的那一面展現出來，以為這樣才能被眾人所接受。久而久之，便忘記自己心中那些深藏已久的傷痕，它們縱使結痂了，裡頭仍然包著鹽。在一些寂寞無助的時刻，難得把自己的傷疤揭開，卻意外發現受傷的不只有我一人。我衷心感謝那些願意接納我的不完美，同時也願意揭開自己傷痕的那些朋友們。當我看見你們的傷，我便不再疼痛如初了。. . .2017.11.19獻給那些內心默默關係彼此的人們。
0010594847_4_2,ponian wang,5.0,2017/10/29,小說的內容分成五章，講五個故事，但五個故事之間具有驚人的脈絡性。第一章講述三個年輕人無意中進入解憂雜貨店，發現竟能收到33年前那個時代附近居民的求助信，而他們則在無意中利用2012年的歷史知識及網路資訊，加上對人性的認知，代替33年以前的浪矢爺爺替人們解憂除惑。但在浪矢死後，雜貨店的時間竟與33年後的凌晨至天明這段時間有了關連，所有投進雜貨店信箱的信件，都會跨越時空，來到33年後的雜貨店內，剛好被三個年輕人看到；而三個年輕人寫的回信，放在後門牛奶箱裡，也會瞬間回到33年前。第二章則是回到浪矢雄治死後，一位追求理想的音樂喜好者，在繼承家業與理想之間無法抉擇，求助解憂雜貨店的案例。年輕音樂家最後犧牲了自己，救了孤兒院裡的幼童，卻讓自創曲「重生」一直流傳下來。第三章則回到浪矢雄治當年為人們解憂的情景，為後事留下伏筆。第四章講述一個舉家逃債，父母為讓兒子順利活下去寧願雙雙自殺的故事。第五章則由三個年輕人利用時間優勢，替30年前的一個經濟弱勢女子預言日本80年代至90年代的經濟走勢，讓她能擺脫悲慘的命運。最後，則由這個最後在房地產累積大量財富的女富豪，出面解決孤兒院面臨的財務困境。原來，浪矢雄治在年輕時與孤兒院的前女院長曉子相戀，但因出身背景懸殊，遭受反對而分離。在冥冥之中，解憂雜貨店利用穿越時空的信件，解決了或指出了與孤兒院相關人士的諸多問題，甚至還拯救了戀人留下的孤兒院。神來一筆，浪矢爺爺在臨死前，針對一封空白求助信的解答，振奮了歷經「解謎之夜」的三個年輕人，讓他們對迷惘的未來充滿了自信—展現「解憂雜貨店」的出神功力。雖然，小說自始至終都未解釋為何有穿越時空的現象，只說無意中有人在冥冥中操控這一切。我相信是愛的力量，讓雄治對曉子的愛與諒解轉移到周遭遇到人生困境的人們。在整部小說中，唯一沒有利用解憂雜貨店解決問題的正是雄治本人，他忍受活生生與戀人分離之苦，卻將思念之情轉為幫助他人解憂之心。或許因為這樣，使時空出現一條相隔33年的相連通路，利用幫忙各個與孤兒院相關的孤苦人士，最後甚至拯救了丸光園孤兒院—戀人曉子終身未嫁全力守護之地。雄治與曉子，利用人生指引與照顧孤兒，將戀情化為大愛，是小說未明說但在讀完之後一直在心中不斷湧現的最終答案。
0010594847_4_3,F罩杯的深度,4.0,2017/10/23,《解憂雜貨店》：唯有善意，才能解憂《解憂雜貨店》是作者東野圭吾最有名的小說之一，全球銷售累計突破800萬本。全書沒有獵奇命案，反而在奇幻的設定裡頭加入大量洋蔥，深受讀者歡迎，長期佔據翻譯文學人氣榜的頭幾位。故事是說三位廢青偷車賊一天晚上偶然闖入一家名為「浪矢雜貨店」的荒廢老舖，打算借宿一宵時，鐵捲門上的投遞口突然莫名其妙地出現來自署名「月亮兔」的人的一封信，說她現正以參加奧運為目標積極受訓，卻得知男友得了不治之症，正在猶豫究要繼續訓練，抑或是放棄奧運陪伴男友。原來「浪矢雜貨店」的前主人浪矢爺爺設了「解憂信箱」，收到煩惱諮詢後，會把回信投進店後的隱蔽牛奶箱，由寫信人在翌日早上領回，多年來替懷有不同煩惱的寫信人紓憂解惑。不忍放下認真求教的月亮兔不管，廢青們決定提筆回信，絞盡腦汁思考如何回答。他們一把信投進牛奶箱，信便瞬間不見，轉眼間又收到回信，究竟是什麼一回事？在一來一回的書信往來中，他們更赫然發現月亮兔是處於過去1980年的人......信箱成為了「時光機」的設定特別，而東野寫作高明的地方，在於把全書處於不同時間點、看似毫無關聯的5個故事巧妙地串連，伏筆用心，也細膩地描寫了煩惱著的人、替人解決煩惱的人的心境，構成一部溫暖人心的作品。故事中的角色在東野筆下均有血有肉，當中我最喜歡浪矢爺爺，雖然在半開玩笑的心態開始了「解憂信箱」，最初收到的都是小孩子惡作劇的來信，甚至有人一口氣寫了30封無聊至極的諮詢信，他也是一一照答無誤——「不管是到底還是惡作劇，寫信給浪矢雜貨店的人，和真正為了煩惱而上門的人一樣，他們內心有破洞，重要的東西正從那個破洞漸漸流失。最好的證明，就是他們一定會來看牛奶箱 ，會來拿回信，他們很想要知道浪矢爺爺收到自己的信後會怎麼回答。你想想要亂篇煩惱也很辛苦。對方費了這麼大的功夫，絕對不可能不想知道答案。所以，我會努力想答案後，寫回信給他，絕對不能無視別人的心聲。」最終那個無聊投信者也向浪矢爺爺表達了歉意和答感謝。在某些殘酷的歲月裡，唯有善意才能修補內心的破洞，解救失落的心靈。===感受到浪矢爺爺的認真態度，嚴肅的來信也越來越多，道出了現代社會的各種現實問題：例如愛上了有婦之夫的女人懷了孩子，煩惱著應不應該把孩子生下來；寂寂無名的年輕人在煩惱著應不應該繼續堅守音樂之路，還是繼承父業；急需要錢的女OL煩惱著應不應該辭職，加入特種行業；中學生煩惱著應不應該跟著欠下巨款的父母跑路等等。各自在人生路途上迷惘著的來信人，隨著一封一封的書信交流，他們可能認同或不認同浪矢爺爺的意見，又或本來根本已經選擇了答案，但最重要的是，他們以寫信的契機，勇敢地面對心中的疑惑，在字裡行間逐漸釐清了內心的真實感受，在反思中找出了最合適自己的答案——「諮詢只是想得到心里內心所傾向的選擇。最終所謂命運還是自己一步步走出來的」。在書中，縱有惡人，最後也能彰顯了人性最根本的善良，即使是最初出現的3名廢青，也因誤闖浪矢雜貨店而開始替人解惑，做了好事，重拾身而為人的價值，在空白的地圖上重新出發。另外，穿越時空的設定，來自不同時間點的角色，正好濃縮了日本80年代至21世紀的歷史：披頭四由爆紅至解散、抵制莫斯科奧運至蘇聯解體、戰後日本經濟衰落至高速成長，後至泡沫經濟爆破進入大蕭條等等，寫出了日本社會的變遷，以及大時代下的人生起落，為跨越幾代的平凡雜貨店加添了濃厚的懷舊情懷。東野的文字不算艱澀，故事不算曲折，可是能夠把幾段不同時空的故事拼湊起來，帶出浪矢雜貨店的主軸，以新穎的手法，寫出了非一般的小說。《解憂雜貨店》是本治癒人心的窩心小說，每一段故事、每一封回信，都滲透著些許人生哲理、處世智慧。在紛亂的俗世，我們都需要一個心靈的窗口，正視自己內心的迷惘。《解憂雜貨店》告訴我們，許多時候，即便是來自陌生人的微小善意，已包含巨大的力量，為別人雪中送炭，化解煩憂。
0010594847_4_4,213,3.0,2017/10/23,是看過電影之後，對這本書感到好奇的，書比電影來的更精彩，心中總是會有ㄧ種揮之不去的感傷與愁悵
0010594847_4_5,Bivia,5.0,2017/10/14,這本書一共有五章 我前前後後哭了五次，很喜歡裡面所描述人與人之間的緣分、情感、關係，最後的結局更是有種“真的是太好了！”的想法，這是一本值得一讀再讀的好書 誠摯推薦。
0010594847_4_6,Jocelyn,5.0,2017/08/28,"真的好喜歡東野圭吾的這本小說，看完後，有一種溫柔的惆悵感揮之不去所有角色安排的也相當巧妙，在快到後面的1/4時大概有猜得到人物之間的關係但很棒的一點(也是很厲害的一點)，即使猜中了也不會覺得無聊...只會在心裡想到...""呀~~原來真的是這樣呀...""人與人之間的緣份和站在每個命運路口的選擇...透過書裡面的每篇故事，交織成了一種無法碰觸但又冥冥註定的氛圍.......覺得很棒呀～"
0010594847_4_7,YUYOYO,4.0,2017/08/27,是為了名作品和大作家追的，果然沒有讓我失望！劇情「解憂」的設定不算特別，但整體的佈局十分巧妙，而想傳達的東西也在一個又一個角色的出現與更迭中逐漸清晰，每個人應該都能從本書中得到截然不同的感想跟體悟，這便是一本書的迷人與價值之處！
0010594847_4_8,Kurt Fish,5.0,2017/08/17,每一小篇的故事篇幅不長卻都很有內容，少數幾本能讓人完完全全帶入情緒去讀的一本書，每一篇的結局都給我很大的反思，有的暖心有的感動，也有一點對世事感到無常的感覺，是很適合推薦的一本好書，不過如果是重度的推理迷的話，這本可能不大適合你
0010594847_4_9,OK,3.0,2017/07/24,故事背景新穎，但是讀完沒有特別的感受，非常平靜地看完了，不會特別推薦給親友。
0010594847_4_10,阿拉西,3.0,2017/06/27,真的是看到很多人推才跑來看但我覺得他的故事忠旨最後也只是要傳達一件事而以算是蠻直接簡單的內容所以也是那種只會想看一次的書
0010594847_4_11,發,5.0,2017/06/25,這是我第一次看東野圭吾的書老爺爺的每個回答都是讓人值得一想再想盡管可能當下沒有用 但是陰陽錯差的到未來的某個時刻居然用上了雜貨店與孤兒院的瓜葛 原來也是有一段愛情故事的~真正讓我感動的是小女孩長大後為了報答救命恩人而唱的那首歌作者真是狠心阿..居然讓一個大好青年這樣死去..好難過..雖然我不寫歌..但還是深有感觸..畢竟許多人不願接下家族事業而想要完成夢想而跟家人吵架的案子也滿多的..最讓我覺得扯的是講解股票的事..這有點不切實際..建議還是說研讀財經就好..有點透露太多 實在不好..不知作者這樣寫有何見解 也許我不懂吧?最後雖然是三個年輕人只是想測試而投了一張白紙..但是老爺爺還是回答了他們的問題...身有所用!值得再看一次 仔細思考思考 每一個回答的用意..也許會對自己人生迷惘有所幫助也說不定畢竟很多事要等以後才能明白~
0010594847_4_12,葛,4.0,2017/06/21,溫暖人心的小品，和作者一貫的類型不太一樣，是不同的感覺，雖然有些地方好像逸出現實邏輯了，但因為文筆和譯筆好，還是能吸引人心一直看下去！
0010594847_4_13,Jim Luo Eternal U.,5.0,2017/06/10,非常棒的一本書，在結局讓人意想不到，有種惆悵又有點溫馨，但又無奈，其實就是這個社會現況的縮影，我建議一讀再讀。
0010594847_4_14,Emily,5.0,2017/05/16,起初看到書的封面真的就像大家說的毫無興趣，是看到書評才購入的。寫作手法有別於以往的風格，內容相當溫馨感人，故事情節也挺有趣，是本療癒心靈的小說
0010594847_4_15,Yoyo,5.0,2017/04/12,用倒敘手法和不同人物的回憶去追回失去的真相.看到了真相大白的結局.真感到可以終於放下懸著的心.也佩服作者對人物對話的安排與呈現.
0010594847_4_16,酸果子,5.0,2017/04/12,故事裡帶有點令人想一直看下去的推理部分，人物的個性描寫也很具體，老爺爺更是讓人覺得心裡暖暖的，推薦給初次接觸推理小說的讀者。
0010594847_4_17,Darren,4.0,2017/04/02,故事的核心圍繞在日本某個偏遠城鎮一個叫浪矢的雜貨店，而故事中的所有人物都來自於雜貨店附近的孤兒院丸光園，而丸光園的創始人皆月曉子又和浪矢雜貨店的老闆浪矢雄治有相當的淵源。一開始以為每個篇章相互關連不是很大，沒想到看到最後，發現所有篇章出現的人物都是相關的，前後呼應，整個故事篇章的鋪成環環相扣，越看越覺得讚嘆。每一位諮商者的問題，無疑是現在人們常有的煩惱，人生道路上會遇到的各種抉擇，是愛情、親情、工作或夢想的煩惱，抑或是各種綜合的煩惱，作者透過穿越時空的方式來告訴讀者勇敢去做自己認為是對的事，因為事情並沒有想像中那麼可怕，只有勇敢面對，事情才有變好的轉機，一切都必須靠自己的力量才有獲得成功的可能。真心推薦。
0010594847_4_18,書蟲,5.0,2017/02/21,光看封面的介紹，難以著墨出它好看在哪，翻開之後就欲罷不能了，速速把它完食，時間和故事的邏輯性很好，看過這麼多本東野圭吾的書，這本是最好看的了！大推！
0010594847_4_19,Frankre,3.0,2017/01/25,如果您有空，翻看本書倒能找回一些樂趣。精彩的是他的對話，在平淡中娓娓道來，顯得平實又有趣。雖經過了翻譯，文辭仍然簡潔，想必原文更精采，能榮獲中央公論文藝獎，可謂實至名歸吧。
0010594847_5_0,葳葳,3.0,2017/01/21,可能期望太大，雖故事內容新穎但衝擊性不大。略感小小失望。
0010594847_5_1,Willy,5.0,2017/01/20,這是我第一次閱讀東野圭吾的書，真的很棒!原以為是五個短篇各自獨立的故事，直到發現各篇中有連結，更是愈看愈起勁。每篇故事由浪史爺爺的雜貨店建立起連結，影響著許多人的一生，令人驚艷也令人感動!
0010594847_5_2,單車人,5.0,2017/01/19,看完這本書真的可以解憂呢！雖然只是簡單的故事，卻帶出不簡單的人生大道理，讓人可以將憂愁化為快樂，成為小時候想要成為的大人！
0010594847_5_3,アイビ,5.0,2017/01/15,"因為朋友的大力推薦,第一次閱讀東野圭吾的作品,裡面雖然有五個章節,看到最後其實是緊緊相連的故事,前後呼應,一看就會一直接著看下去....."
0010594847_5_4,星星人,5.0,2017/01/14,"我看了這本書後,我覺得看這本書需要非大的邏輯概念,因為這裡面雖然章節少,但每一章和每一章都是有關連的,但著本書也稍微介紹了一些世界歷史且你在看的時候會感覺到被著本書吸住似的會一直想要直接把這本書一次看完,這本書的內容非常有趣,非常推薦大家!!"
0010594847_5_5,喬喬,5.0,2017/01/13,太好看啦!!!這是我看完本書的第一個想法其實這是我第一次看東野圭吾的書一開始會買來看其實是因為這本書實在是佔據排行榜太久了~基於好奇買來看看沒想到整個迷上了~~一篇篇看似獨立的小故事卻環環相扣著一翻開就會忍不住一直看下去看完內心暖暖的!!
0010594847_5_6,SASA,5.0,2017/01/09,"書中一篇篇獨立的小故事,撰寫了每位主角各自的人生,充斥著無奈、徬徨、猶豫,也帶出人情的溫暖。看似獨立的人生,卻因為解憂雜貨店被巧妙的串聯,原來不同時空下的人們,一直都被對方影響著。這本書讀到最後,會感到恍然大悟的精彩!"
0010594847_5_7,mooguia,5.0,2017/01/03,"第一次閱讀東野圭吾的作品,故事的內容與人物看似無關卻又環環相扣,過去與未來同時存在著,人生會遇到的種種事情透過一來一往的書信似乎都有解答,溫暖的筆觸.排序流暢,很容易一篇一篇接著閱讀。"
0010594847_5_8,keniris,5.0,2017/01/03,東野的時空科幻故事寫的好讓人訝異!時空交錯蝴蝶效應牽一髮動全身每個小故事部份看似無關最後都串在一起最後的結局也讓我驚訝不爆雷~等你自己買回家看!
0010594847_5_9,kobayashi98,5.0,2016/12/27,有別於一般推理小說，解憂雜貨店巧妙的融入奇幻的元素在故事當中。使得看似無關緊要的故事實則環環相扣，翻開第一頁後就忍不住一口氣直奔最後一頁。是東野圭吾作品系列當中相當值得推薦的一部小說。
0010594847_5_10,Cookie,4.0,2016/12/25,"這本書的內容有別於東野過往的作品,他對於人心的刻畫細膩,看他的書籍過了兩三天,這兩三天內總是會時時刻刻地想起書的內容,比起過往懸疑多了更多的溫馨感動"
0010594847_5_11,daphny,5.0,2016/12/22,相當好看的一本書名符其實的解憂雜貨店療癒了身為讀者的我真希望現實生活中也有浪矢爺爺~
0010594847_5_12,劉德華,4.0,2016/12/19,若以東野圭吾的名號來接觸此書的人，其實是不建議的，此書東野老師一改以往本格推理小說的寫作風格改以溫馨動人的走向，著實讓當時衝著老師名號的人不思覺其風格。當純評論此書，是一本不還不錯的小說。書中每一個章節獨立一篇故事內容，最令人稱頌的是作者在最後一章，將其全部串連在一起的功力，在文章的最後構築成一篇建立在日常生活中的溫馨故事。不過在這裡給予4星的原因就是如此，此種分章別類所寫的小故事最後用一個大架構將其套攏的寫法其實東野老師不算是先驅，東野老師的執筆方式其實相當的「多樣化」各種文風的都有所涉獵。然而這是優點也是缺點，在不是自己研究已久的領域做創作其實能夠大賣多屬於自己以往的名聲使然。
0010594847_5_13,zebragirl,4.0,2016/12/18,聽朋友介紹所以買來看看沒想到看了真的很感動
0010594847_5_14,yoyo,4.0,2016/12/15,"故事緊奏,閱讀流暢值得推薦不看可惜"
0010594847_5_15,李旻哲,5.0,2016/12/14,很棒的書!每次看完都會有不同的想法!很值得看!
0010594847_5_16,偽善鬥士,1.0,2016/11/29,失望，大概就這兩個字吧!整體內容像極了中小學兒童讀物，完全沒有推理的內容，胡亂拼湊的劇情，莫名奇妙的巧合，十分令人無語
0010594847_5_17,蔓蒂,4.0,2016/11/24,解憂雜貨店: 對我而言，這是一個很浪漫的故事，兩個有緣無份的人，各自展開往後的人生，用另一種意識形態守護了一群看似不相關......卻默默連結的人們。
0010594847_5_18,香草,5.0,2016/11/16,小時候我最喜歡的事就是看故事書，不管走到哪我都能看書坐在地板上看、躲在被子裏看、上課時在桌子下看⋯但這幾年我發現自己很難專注於看書了，一本書總要看好幾個月才看的完，或者翻個幾頁就跑去打電動逛街偶爾想起小時候那樣不挑書還能廢寢忘食的看，都覺得非常懷念這次好不容易遇到一本讓我下班就抱著讀到睡前的好書，一定要推薦！！！#感動死了#願我也能變成能為別人以及自己解憂的人
0010594847_5_19,俊良,5.0,2016/11/14,"這本書最讓我印象深刻的地方在於老爺爺對於提問者所提出來的問題全部都竭盡全力的思考及解答,提問者所做出的選擇,產生一連串的因果關係,文字帶給讀者一種溫暖人心的力量,直到看完書才肯放下但溫暖的感覺卻一直流淌在心頭,久久不曾散去"
0010594847_6_0,阿璇,5.0,2016/10/23,感覺和東野圭吾大部份的作品不太一樣，但是還是很好看~讓人非常想要繼續看下去。看完之後，心裡覺得暖暖的
0010594847_6_1,Renee,5.0,2016/10/16,很有趣的會讓我一直看下去不想放下書本啊~
0010594847_6_2,Rice,5.0,2016/10/03,以信件交流穿梭於過去與現代，人物串場交疊互錯編織成一套極具邏輯性的時光故事，藉由不同的人物所遇之煩惱，以輕鬆直接的方式提供建議，帶領思考自己人生所遭遇的煩惱情事，是一本值得推薦且細讀的書！！
0010594847_6_3,Flora,5.0,2016/08/29,這是一本相當不可思議的書，沒有謀殺沒有警探，卻是相當出色的一本推理小說。內容的人物故事環環相扣，從過去到未來都有連結，相當精采的穿越故事。這本書有淚水有歡笑也有生離死別，裡頭的故事可以說是倒進了各式各樣人生的縮影。這本書相當有價值，很有溫度的一本書！
0010594847_6_4,何叡光,4.0,2016/08/29,這本書讀起來時而溫暖，時而趣味，卻也少不了令人鼻酸的時刻。解憂雜貨店實在是個偉大的發明，人們毫不保留的分享自己內心最深處的秘密或煩惱，希望能夠得到安慰甚至是問題的解答，浪矢也是會竭盡所能的給大家最好的回覆，希望他們能夠得到幫助。來者不拒，絕對保密，絕對真心的為上門的人開導解惑。在這世界上，根本找不到這樣的地方，甚至是這樣的人。想想故事的內容，我也不停的回想，是否人生當中也有過，因為別人的一句話，更堅定了自己對目標的執著，努力不懈，亦或是當頭棒喝，重新審視了自己的白日夢是否不該繼續的迷惘下去。無論如何，路是要靠自己走下去的，人生沒有任何人能替自己負責，我們必須為自己所做的一切，承擔完全的責任。但是若是在我們煩悶或是困惑不已的低潮時刻時，有個人能夠給我們啟發，甚至是願意給我們一個中肯的建議或是一句鼓舞人心的話語，我想人人都能像故事的每位主角一樣，過得比昨天的自己還要更好。本書巧妙的把每個章節都串聯一起，說是淺顯易懂的推理小說，其實讀起來也蠻勵志的，只希望每個人都能在現代的生活當中，找到一個屬於自己的解憂小窗口，一覺醒來，煩惱解決了，今天的自己看起來更是容光煥發，擁有完全煥然一新的光采。
0010594847_6_5,狗狗,1.0,2016/08/05,我覺得解憂是一本包裝在題材似乎新穎，但是內容無敵空洞的書。看到網路上一片好評，原本很期待，但看完之後一百分的失望。共有五篇，每一篇不管過程如何，最後就是要牽強的導到 ”感謝解憂雜貨店“第一篇，是奧運和癌症男友之間的抉擇，然後未來人知道奧運會取消，所以回信叫她不要去集訓，內容一點深意都沒有，然後就是選手自己腦補，最後覺得很感謝解憂信箱第二篇，作者的文筆我完全感受不到主角多愛音樂，他就是個不想承擔責任的小孩，然後不管家人，兇家人，最後因救育幼院小孩而死，然後小孩姊姊變明星一直唱他的歌感謝他，我完全不覺得感人，只覺得，他最重要的家人呢？什麼都沒有交代！！整篇原本是環繞在小孩與家人，夢想與現實之間，最後，根本沒著墨，作者以為讓本篇主角死，讓他救個人，就可以讓我們覺得感人嗎？我覺得，他的家人根本變得更不幸了，也一輩子都不明白為什麼？因為救小孩這件事，跟原本所著墨的夢想追逐一點關係都沒有！！！！他並不是為夢想而死的。第三篇，就是想要表達，因為信箱，大家的未來都變好了，大家都很感謝。真的有嗎？第四篇，對不起我覺得好扯，主角還小孩的時候，竟然因為父親覺得主角已經有一萬元了，所以跟他說接下來他不能領零用錢，主角就覺得他們心已經不在一起了！！！！然後丟下跑路的父母逃走了，去了育幼院突然變得很會木雕！！！前面完全沒說！！！！一個字都沒提！然後父母自殺了，主角長大怕信箱難過，回信說他們過得很幸福謝謝信箱。第五篇更更更更更扯，，本篇女主角認為，為了養他的親戚，所以要去當酒家女，因為這是“唯一”可以賺很多錢的方法！！然後未來人因為知道投資明牌，叫他不要去，然後把未來投資的東西全都告訴他，讓他賺很多錢，最後還回饋給幾乎五篇都有出現的一個育幼院。對不起，我知道網路上一片好評，但我看完真的覺得這個東野好差勁，裡面當然有要傳達的一些小道理例如，老爺爺說的，會來諮詢的人通常心裡都已有了答案，詢問只是想得到更多的支持。但是每篇故事內容我都覺得很扯！！！很牽強！！純屬個人想法.....
0010594847_6_6,Jerryhuang12,5.0,2016/07/31,看似平凡的故事串起了整個雜貨店，而從老爺爺的堅持，造就了許多人的快樂人生，也間接地帶領著人慢慢朝的正確的道路走，這本書不同於作者之前的幾部作品，而他也完美的詮釋了另一種特別的推理小說
0010594847_6_7,Yvonne.迅猛龍,5.0,2016/07/31,買這本書的那天被“解憂”兩個字吸引心中想著，如果現實中有這樣一間雜貨店應該會想寫信給浪矢爺爺，討論煩惱這本書每個故事像是有無形的線牽引著，環環相扣穿越時空的劇情，雖然有點戲劇性在這些煩惱解決的過程中透過文字能夠流進心裡，慢慢的感受“溫暖”作者的文章功力深厚，起承轉合運用極致大腦讀起來分外流暢，沒有一絲停頓因此已經很久沒有讀完一本書的我一口氣就這樣看完了當下有著滿足很過癮的感覺若喜歡披頭四或是披頭四年代人看這本書應該會非常有溫習回憶的感覺第一次拜讀東野圭吾的作品除了過癮之外，還想看他的得獎作品
0010594847_6_8,Angela,5.0,2016/07/31,這是一本溫馨又沒有人死亡的推理小說老舊的雜貨店就像一台時光機從古至今，連結著故事的主人翁看似毫無關聯然而所有疑問都在最後得到解答
0010594847_6_9,Lindi,5.0,2016/07/30,這本是我第一次閱讀東野圭吾的作品，同樣也是因為它開啟了東野的世界解憂比起東野早期的作品多了幾分真誠與省思(與最近的空洞的十字架類似，簡單，但後勁令人陶醉)不僅僅著墨在懸疑，人性的味道也濃烈許多解憂絕對不會讓人失望的!!!!
0010594847_6_10,royoma,5.0,2016/07/30,東野圭吾一個著名的推理作家一個充滿驚奇感的創意家這是一本有別於東野圭吾其他作品的作品書中沒有血腥的兇殺現場沒有惡意的殺人事件只有時空交流的一連串巧合與善意讓我們看到人性善良細緻的故事安排與描述手法人性的刻劃與內心的衝突躍然紙上看似沒有關聯的小故事其實都環環相扣是一本令人非得一口氣讀完的好書
0010594847_6_11,麻雀,5.0,2016/07/30,東野圭吾是專寫推理小說的作家，所以《解憂雜貨店》就理所當然的是歸類於推理小說，但《解憂雜貨店》的特別之處是它脫離了一般人對推理小說的刻板印象。不但讓推理小說跳脫出犯罪小說的框架，還多了份感動與溫暖。在生活中，我們總會遇到大大小小的問題，不管是小到可以翻閱課本，就能找到解答的小問題，還是我們需花許多時間和精力去研究、去實驗的大問題，或是仍需更多證明和相處的人際關係之問題…..我們總是渴望能在一個地方，能找到解答，不管是現在很發達的網際網路，還是成堆的書籍，或是一家看起來不起眼的普通的雜貨店…... 這是一家可以替人解憂的雜貨店，只要在晚上把寫了煩惱的信丟進鐵捲門上的投遞口，隔天就可以在店後面的牛奶箱裡拿到回信解答。在故事中最我印象深刻的是有提到了一個不管是誰遇到了都會不知所措的問題--「感情與夢想的抉擇」因為例子平易近人，讓我更能去體會女主角的那種矛盾和不知所措，也讓這本書更感動人心。還有一個讓我深深愛上解憂雜貨店這本書的原因是故事劇情巧妙的連接方式，除了可以連接過去和現在的牛奶箱，還有一個最大的特點，是故事中的三個小偷。三個罪犯，竟因為到了一家無人雜貨店，而變成他人的心靈導師，這是我覺得此書最令我感到厲害的地方，也讓我更喜歡東野圭吾這位作家，希望可以再繼續的拜讀他的其他作品。
0010594847_6_12,張一,5.0,2016/07/30,看到最後會發現書裡的每個細節從頭到尾都縝密的串聯在一起，嘴角會不自覺的上揚。作者用他溫暖的筆觸，在原本看似毫無關聯的平行時空裡說了一個扎扎實實而且有溫度的故事。
0010594847_6_13,penny,4.0,2016/07/30,一開始我以為這本書只是在寫一間雜貨店怎麼幫忙解決大大小的煩惱，但翻開書一看才發現原來這本書是用一個一個的故事穿插而成的。看似沒什麼交集的人卻可藉著木箱裡的信來溝通，真的讓我覺得非常神奇阿，而且我覺得這本書充滿了各式各樣的情感，有種魔力會讓人一直想繼續看下去，
0010594847_6_14,Joyce,5.0,2016/07/29,這是第一次看東野圭吾的書也知道這本書有別於他以往的風格看完之後在心裡真的有不小的震撼每一段故事都在心裡掀起波瀾隨著情節的起伏到最後彷彿將分岔的支線匯聚成一直線心裡的結與困惑也瞬間解開讓人有種茅塞頓開的愉悅真的很佩服東野圭吾筆下所帶來的力量與餘韻
0010594847_6_15,王電視,4.0,2016/07/29,"一間看似老舊的雜貨店影藏著我們意想不到的力量環環相扣著故事裡的每位主人翁以為毫無關聯 不同時代下的人們卻在解憂雜貨,透過牛奶箱裡一來一往的信有了密不可分的連接~~~裡頭的故事會讓人上癮!!!!"
0010594847_6_16,alma,5.0,2016/07/28,真的很好看!!!!超級推薦大家
0010594847_6_17,邱凡誠,5.0,2016/07/20,我本身是東野圭吾的書迷，我非常喜愛他諸多推理作品。而這本書蟬聯了排行榜許久，讓我對它抱著很大的期待。但是看完後讓我有點小小的失望，可能是和我當初想的風格有些差異，因為我仍就保持著它是以推理取向為主的小說。不過呢，排除我個人的偏見外，這本書還是非常值得推薦的！這本書的每個故事看似各自獨立但一篇篇看下來卻發現都有關聯性，最後的結局更是讓人意想不到。而且書中營造一種溫暖的氛圍，每一篇故事都給讀者很大的正向能量，他強調人與人互動最美的片段，無論是情人家人甚至是陌生人都是如此。而其中我最喜歡的是那位失意的音樂家犧牲生命救出小男孩的故事，而最後那位男孩的姐姐成為知名藝人翻唱他生前的作品。首先讓我感動的是那位音樂家，就像新聞上有些英雄一樣，但更讓我哽咽失聲的是那位姐姐，她不斷的將這位先生的事蹟告訴人們，讓他生命的價值和他的愛發揚光大，讓這份溫暖散播給更多的人們。看完這本書後，做任何事時都更有鬥志，彷彿是這本書賜予我們的魔法，就像＂解憂雜貨店＂一樣！
0010594847_6_18,晴,5.0,2016/07/13,劇情很有起伏卻不會感到負擔每個事件都相互有關聯 讓人非常期待文字所表達出的情感真摯 人物刻畫細膩結局也是令人驚訝 很棒!是很值得看的一部毫無血腥只有真情的推理小說
0010594847_6_19,解別人的憂 填補自己的空白,5.0,2016/07/12,看完《解憂雜貨店》，心中驚嘆之情溢於言表。在寫冗長的評鑑之前，先思考一件事：《解憂雜貨店》究竟該歸類為文學類還是推理類？作者東野圭吾是以推理小說聞名於世的，而這本小說在行文運筆中、伏筆運用的時機是推理小說常見的，但在內容體裁上、文章架構，是文學小說常去探討的問題，坊間書局通常因為作者而將《解憂雜貨店》分類為推理小說，但就我閱讀完後，《解憂雜貨店》更富有文學小說的內涵，只是借用了推理小說的慣用筆法。會想一頁一頁看下去，看完之後，更覺得他不只是一本小說，更啟發了我們很多的認知。解憂雜貨店的選材很有趣，以一間雜貨店與解憂老先生為故事背景，再以三位少年作為「說故事」的主角。而這種由多篇短篇合成一整個長篇的小說，常欠缺的是故事的契合性與流暢度，但《解憂雜貨店》在這方面處理得非常好，通篇讀完就只有「環環相扣、前後呼應」這種讚嘆之詞。故事內容不乏與「解憂」相關，五篇短篇分別述說了四位前來解憂的人，與一位解憂雜貨店的老闆──浪矢雄治。而這四位前來解憂的煩惱者各用四種不同的視角去書寫，分別為：現代的三位少年、過去的諮詢者、過去對浪矢雄治的諮詢者、現代與過去視角的諮詢者。(寫起來格位拗口，但這真的不容易表達)東野圭吾在視角的處理上雖說仍有不足(我知道我很挑剔)，但已經算是少間的佳作。視角轉換在小說上算是蠻困難的筆法，尤其是要轉換很多次，再加上要讓讀者了解現在是以「何人」的視角去說故事。而東野圭吾不但能做到，還能上下文環環相扣，可見他的功夫做得很深，與多年運筆的經驗。佩服！再談內容，解憂這種事，要「答得精妙、想得實際、做得到」是非常困難的。每次版主在幫人解憂何其不要想如何答得精妙、如何想得實際，最重要也最困難的是諮詢者做得做不到。而故事中這幾位諮詢者，有的用自己的方式理解、並說服自己；有的因為未懂得珍惜而失去了寶貴的東西(這篇請見《解憂雜貨店》第四章，個人覺得這章算是突現本書層次的重要章節)。雖然到了文末並未交代為何解憂雜貨店能穿越時空？為何丸光園與解憂雜貨店有特殊的關聯(文末有暗示，但並不明確)，但這些種種卻是身為讀者的樂趣，有些東西本來就不應該用太制式化的去解答，留點懸念供讀者在閱讀完後重複咀嚼，才能體會出真正的意涵。到最後想特別提出三名少年寄出的「空白諮詢信」，其實這是很有趣的問題，而東野圭吾也答得精妙。他說(節錄)：「你的地圖是一張白紙，所以，即使想決定目的地，也不知道在哪裡。但是，不妨換一個角度思考，正因為是白紙，所以可以畫任何地圖，一切掌握在你自己手上。你很自由，充滿了無限可能。這是很棒的事，我衷心祈禱你可以相信自己，無悔地燃燒自己的人生。」生命從來沒有一帆風順，你會遇到許多困難，正因為遇到困難而退縮、逃避，是永遠無法跨越他的。辦法永遠是人想出來的，解決一切的方法也正是靠自己胼手胝足才能換來成功。解的是別人的憂，卻在無形中，填補了我們內心的空白，這是看完此書後很喜歡的一句話。
0010594847_7_0,Reader,5.0,2016/07/10,東野圭吾的這本小說，是目前他的作品中我最喜歡的一本，故事的鋪陳除了懸疑，還有許多溫馨以及發人省思之處，情節緊湊，也無冷場，與近期的小說「別相信陌生人」一樣，讓我想一口氣看完，
0010594847_7_1,華,5.0,2016/07/10,當我第一眼看到這本書，就被它的書名所吸引，現在的社會很進步、腳步很快，可是在忙碌的生活中，同時也充斥著大大小小的煩惱。對於我而言，有些煩惱可以解決，但是，有更多的煩惱是我寧願逃避也完全不想正視的。閱讀這本書的時候，我不知為何總覺得很溫暖，雖然是書中人物的煩惱，但是當他們的煩惱得到回覆時，我卻深深地感到喜悅，作者將每個獨立的事件牽在一起，當單一事件全部組合起來之後，情感張力便顯得更加強大。一開始我也會幻想，要是現實生活中也有那麼一間雜貨店，可以讓我傾訴煩惱、替我排憂解惑那該有多好，但是我發現即使這樣的雜貨店並不存在，有許多溫暖的人們是可以填補雜貨店的空白，他們也願意傾聽並提供給我們意見，浪矢雜貨店不也是因為有「人」這個重要的因素，才能帶給這部小說這麼溫暖的感覺嗎？
0010594847_7_2,諾拉,4.0,2016/07/10,在還沒翻開書之前，腦中預想的是每篇故事都是獨立的，老闆為不同人解決煩惱，彼此不會有關聯，再看下去之後，情節不是我想的這麼單純，穿越過去、未來，也以不同人的角度去述說故事，每段故事的主角都有關聯，看到故事的結尾，讓我倒抽一口冷氣，這是一本很精采，會讓人想一直看下去的書
0010594847_7_3,Jane,5.0,2016/07/08,看著看著會因為毛骨悚然而起雞皮疙瘩，到了最後卻又因溫暖感人而潸然淚下。雖然這本書是由幾則短篇構成的，但其實到了最後會發現人物之間的交錯與關聯。身為推理迷的我，以前就知道他是位推理小說家，但這似乎是我第一次閱讀東野圭吾的著作，這次讀完「解憂雜貨店」，內心充滿了感動雖然這與多數的推理小說風格不同，但也要動點腦筋串起各個人物以及時間的關聯性，算是輕鬆又動人的小說
0010594847_7_4,蔡舁曦,5.0,2016/07/08,"時間空間的層層相連,人與物與事的輝映,不管在哪裡都會有相關的事情將世界拉近在自己的身邊,或許你不了解但卻是真實存在的!此書用巧妙的時間順序,邏輯的思考能力,用了最溫暖的主人翁跟大家說著事情的經過!或許這個世上沒有這間雜貨店,也部會沒有煩惱,但我卻在書中得到了勇氣和希望,人人都可以是你的na mi ya o zi i san"
0010594847_7_5,于,5.0,2016/07/08,好書值得一看又一看 重新回味的好書
0010594847_7_6,噬羽,5.0,2016/07/08,"解憂雜貨店。如果可以的話，我多ㄇ希望有意天，能真的在路旁遇見這麼一家""解憂雜貨店""可以將投入的煩惱隨著那一封封的信而得到解答。不同的時空，不同的人、是、物，卻有著相同的幸福--解憂雜貨店，對我們來說，就是一個這樣的存在吧!"
0010594847_7_7,浪失天涯,5.0,2016/07/05,第一次看東野圭吾的作品，閱畢果然大受感動。這本書已上市四年，仍然在圖書館高居排行榜不是沒有理由。看似一篇篇獨立主角的故事，卻又在彼此生命中環環相扣。鮮魚店的音樂人，這篇描述父親固守家業傳統的堅持與責任，以及默默在外人面前維護兒子追夢卻不為人知的心情，意外的結局讓人紅了眼眶。市井小民努力追夢的困難重重，最後不一定有結果，心有戚戚焉。讓讀者起了共鳴，或許是本書吸引人之處。
0010594847_7_8,小石,5.0,2016/07/05,因為這本書讓我認識「 東野圭吾」這位作者，沒想到之前看的日劇「嫌疑犯X的獻身」也是他寫的!!這本書在排行榜上出現好多次，但是書名讓我完全沒有閱讀的慾望，直到有一天在某網頁上推薦為一生必讀的小說，才讓我特地去借來看。小說剛開始是描述三位做壞事的人在陰錯陽差之下為別人解答煩惱的問題，雖然煩惱者誤會他們的建議而朝完全相反方向前進，但是結局看來是好的。不過我心裡面覺得如果是我，我才不要作壞事的人為我回答問題呢!! 然而隨著內容的發展，你會發現這三位是天性善良的人，在這段解憂的歷程而重新省視自我行為與價值。可惜的是，我不喜歡因為解憂而透露未來世界發展的橋段---某位女性因此改變人生而成為超級富婆，即使這位富婆懂得感恩惜福回報過去曾經照顧她的人。改變就是改變了，而且很不公平，為什麼想解憂的人這麼多卻只有這位獲得最多資源呢?
0010594847_7_9,Letsgomovie,5.0,2016/07/04,很簡單的善意舉動，其實正默默的改變被幫助者的生活面貌。曾幾何時，我們已經脫離無憂無慮的年紀。  看著需要煩惱的事情越來越多，多到我們沒辦法好好的、客觀的自己找出答案，需要尋求外在的協助。其實很多時候，我們心裡已然做好了決定。只剩下那麼一點抉擇的猶豫在堅持著，這時候需要的，是一個有力的聲音推我們一把，補上那最後一點向前的勇氣。這是一本很療癒的書，沒有黑暗的一面、沒有負面的思緒，沒有推理小說誰是死者誰是兇手的定位，就只是很幸福的，替你解決你正面臨的難題，或許是幫你找到方向、或者是推你一把。你有煩惱嗎?
0010594847_7_10,Shin,5.0,2016/07/03,十分好看的一本推理小說，幾個看似毫不相關的小故事最後竟然能串在一起，故事平淡而精采，令人驚艷
0010594847_7_11,Elvan,4.0,2016/07/02,因為看過東野圭吾的伽利略系列，對於這位作者一直有非常濃厚的興趣，但對於殺人懸疑的書籍會覺得害怕，所以在書籍介紹標榜溫馨、感人才敢購買閱讀。內容看完讓人感覺暖暖的，但不知道作者是否因為執意要把所有故事有所串聯；書籍看到最後感覺稍微牽強，不過整體而言是一本溫暖立志，令人相信世界上真的有良善存在因果循環的書籍，可以閱讀看看!
0010594847_7_12,耳先生,5.0,2016/07/01,"礙於膽子小,所以個人鮮少閱讀懸疑小說,擔心臟器負荷不了,閱讀過後,故作堅強的思緒還是被弄得七上八上,開始翻閱時還尚未察覺作者特有的魔力,等到發覺時已經陷入精彩安排的橋段之中,作者高超的安插每個環節,越到晚期時,越是久久不能自我,我甚至還捲縮在躺椅上打了個冷顫,憋著一口氣卯起來看完整本,咳~人生每個看似沒有關聯的環節,其實都環環相扣著,只要轉個念,追求人生永遠不會太晚是我對本書的想法."
0010594847_7_13,餅乾兔,4.0,2016/07/01,"這本書與東野圭吾的其他作品很不一樣，之前看過的書是以推理走向，而""解憂雜貨店""更多了一份溫馨感，雖然分作好幾個章節，到了最後卻能巧妙結合在一起。我花了很長時間才讀完此書，最大原因就是捨不得把它看完，竟能如此牽動人心，咀嚼其中的文字，越看越喜歡!"
0010594847_7_14,yishansu,4.0,2016/06/30,這是一本溫暖人心的推理小說就像一部圖書界的穿越劇三名闖了禍的小偷躲進一家歇業多年的雜貨店奇妙地收到來自舊時光的求助信他們試著以新世代的觀點來回應難題每封信的人事物有著連結過去與未來的因果關係前呼後應不可思議
0010594847_7_15,宇友蓉嫣,5.0,2016/04/28,這本書是在圖書館借的。拿到書的當下馬上花了3小時讀完整本。無法罷手!!!故事轉折性與連結性做的很好!!!是一本值得購買的書，但不買它又不會覺得可惜。很微妙的感覺......。
0010594847_7_16,晴天,4.0,2016/04/27,會知道這本書，是因為常在博客來的暢銷書排行榜上看到它對東野老師的印象是一位推理小說作家，過去其實也不曾看過東野老師的著作不過聽說這是一本充滿溫暖的小說，於是心動之下便入手了看完後的第一個反應是，太驚訝了!!我沒想到前後看似相關性不強的五個故事在最後竟能首尾呼應成這個樣子也讓人有一種恍然大悟的感覺作者運用了推理小說的邏輯力量，為這個故事做了合理恰當的安排也讓故事的結構堅固，找不出破綻在寫作手法上確實非常厲害但是從故事本身來看，不知道是不是我個人經歷不足的關係第一次看時總覺得還缺少了一點點的感動當然故事性還是相當強的不過當我之後再次回味時好像更加能夠感受到字裡行間所包含的情感我想那是一種生命的深成的無奈之感吧不灑狗血、不矯情作者用溫度適中的筆調寫出了生命我相信那是需要讀者花時間去細細品味的我也相信，這是一本在不同的生命階段看，會產生不同的感動的作品
0010594847_7_17,水,5.0,2016/04/11,這是我的第一本東野圭吾的小說，整體承接非常精采，許多掙扎都沒有辦法給出答案，這本書讓我看見有些事情也許沒有直接地被解決，但每個人也都在那份心情中成長，所有事情真的都會過去的。
0010594847_7_18,luisatseng,5.0,2016/03/26,作者編寫的邏輯思路清楚，每個人物時空交錯中，有一股暖流溫暖了每個人的生命。
0010594847_7_19,小冽,5.0,2016/03/16,值得推薦的一本書，幾個小故事巧妙的互相串在一起，有歡笑有淚水，內容深得人心，值得深思，終於了解它可以佔據排行榜並不是作者的名氣，而是觸動人心的那份感動。
0010594847_8_0,廖珈儀,5.0,2016/02/24,很令人驚訝一本很棒的推理小說作者將原本看似不相關的全都連結在一起結局是一開市想不到的很值得一讀再讀
0010594847_8_1,innstop,5.0,2016/02/22,讓人覺得很溫暖的一本書。：）
0010594847_8_2,霜降,5.0,2016/02/19,這本書雖然分為五章短篇，但其中的連貫行性令人讚嘆，我一面看的同時，一面佩服作者的巧思。非常推薦這本溫暖的作品。
0010594847_8_3,長林,5.0,2016/02/17,故事充滿人情味，整本書給人恬淡的氛圍。但是最驚人處是在最後，發現了貫穿整本書的前因後果，彷彿將拼圖最後一片碎片放入缺口，而且在這片缺片放入前，完全無法將畫面連貫起來，最後的結局令人驚嘆不已，因為故事完整地串在一起了!雖然並非刺激緊張，高潮迭起，但是算是療育溫馨卻又十分精采之作。闔上書後，我愣了一陣，還想 難道作者是天才嗎!值得推薦。
0010594847_8_4,Iwan,5.0,2016/01/08,第一次拜讀東野圭吾的書籍，第一次看到這本書是無意間在書局翻來看看，沒有想到竟會想讓我讀下去，故事敘述真的很強，人物個性特色很一致，每個故事裡中的文字，都有一段令人省思的話，都可借鏡在現實生活中，這本書一定會留在書櫃中，也因此第一次去搜尋作者，說作者很擅寫縝密的推理類，不得不讚賞作者清晰的思路，雖然我不是很喜歡閱讀推理類書籍，但會因他去翻閱看看。另外這本書的封面也做的很不錯，與故事關聯。
0010594847_8_5,愛妻便當的實踐者,5.0,2015/12/23,作者鋪陳的手法獨樹一格，在許多驚人的巧合安排下，常常看到頭皮發麻--既是驚呼也是滿滿的感動；驚呼於作者設計的細膩環節，感動於親子之間的羈絆。這是一本很有魔力的書，看完有許多不知名的情緒湧上心頭，我會繼續珍藏此書，也從此愛上了東野圭吾！
0010594847_8_6,Jasbooks,4.0,2015/12/13,看似無關 卻又環環相扣⋯⋯。雖然沒有和故事裏的主角們有任何相似的煩腦或處境，但卻也在 浪矢雜貨店 的回答中得到救贖和體悟。很有趣並發人深省的一本書～
0010594847_8_7,elixirs,4.0,2015/12/02,和《時生》一樣，帶著暖流的故事。印象很深的一句話是「諮商者多半心裡已有答案，諮商只是為了確認這個答案正不正確」說得真好。
0010594847_8_8,就是要一直留在書架上,5.0,2015/09/28,我一直有追看東野圭吾的小說，真沒想到除了偵探情節外，他寫温情的更令人動容。故事一提到有關父子情節的，眼淚就一直在眼眶中打轉，太喜歡這一種淡淡的感情描述。其他書我不敢作評論，但這一本，我一定要大力推薦給大家！我自己也會一看再看！
0010594847_8_9,黛比,5.0,2015/09/27,大力推薦心情低落或是覺得生活不順的時候看這本書能夠獲得紓解每篇故事都不算太長卻又能把每個小故事串連成一個完整的小說故事
0010594847_8_10,拉拉,5.0,2015/09/06,利用兩天的時間就把這本耐人尋味的書一次看完，真的是太過癮了！跳脫原本擅長的推理懸疑小說筆觸，卻能生動寫下這百看不膩、劇情環環相扣的傑作！太棒了！
0010594847_8_11,劉芳妤alice,5.0,2015/08/27,時間倒流，是過去。時間飛逝的太快，來到未來。只要進入這家雜貨店，你就可以用信穿越時空，遇到困難無法解決時，寫一封信。每一篇的人物都在冥冥之中有所關聯，互相幫助。這是本推理小說，讀來卻令人感到溫馨。
0010594847_8_12,Sam Ao,5.0,2015/08/09,頓時感覺變得空虛及有一絲絲憂傷，原因是我已看完這部份作品，很不捨裡面的人物事跡，多麼扣人心弦的事故。作者對雜貨店及丸光園的情境刻畫得非常細賦，印象深刻，掌握了衆多讀者年輕時地方共同意識/似層相識的回憶。第四及第五章高潮時不忘掀動了前幾章的內容，有人說他是推理小說，我不建議此歸類，或者根本不需要歸類。這就是一部出色的小說/故事。
0010594847_8_13,Lee,5.0,2015/07/19,這是我第1次接觸東野圭吾的作品，看完之後真的覺得作者的鋪陳真的很強，看似是一個一個的故事，其實都是有關聯的，我想我以後也會繼續接觸東野圭吾的作品。其中，感觸最深得就是第四章《聽著披頭四默禱》，沒想到父母最後會做那種選擇，讓我眼眶都泛淚了。
0010594847_8_14,Laurel,4.0,2015/07/06,在同學的推薦下看了這本書不得不佩服作者看似不相干的故事其實都環環相扣最後老爺爺給無名氏我想應該也是作者要給讀者的吧!(有雷)在書裡最有感觸的是跑路的一家人當我看到小孩失蹤時父母因為在跑路不敢明目張膽的找兒子竟然為了兒子最後選擇自殺 不免有些鼻酸也應證了他的父母把他擺在第一順位是真的原本以為會一家人相認 從此幸福快樂真的可惜了.......
0010594847_8_15,peipeinie,5.0,2015/06/13,"說來不好意思我對作者不熟悉也不是日系書籍偏好者、更不是推理迷不得不承認是被""書名""吸引，再來是大家誠摯的""推薦""再看了這本書之後除了了解賣座的原因，也是想記錄些心得，但更希望能吸引下一個徬徨想看這本書的你這是本很引人入勝的書內容環環相扣，對話溫暖真摯，是一本富有溫度的書你會思考、你會咀嚼、你會考慮、你會猜想你會暖心、你會沉靜、你會因為故事內容而深深被吸引不能自己每個人多少都有難以啟齒的憂愁會徬徨、會猶豫、會害怕、會擔心、會悲傷、會兩難又有多少你可以信賴的人你願意開口詢問呢?""""解憂雜貨店""""他給了我們一個出口一個願意傾聽並用心盡力的給你方向建言的一個場所原來可以有一個地方，可以改變了一個人的方向這本書會給你像是心靈寄託般的一個存在"
0010594847_8_16,Dido,4.0,2015/05/31,"有次無意間聽到UFO陶子晚報廣播, 聽到[東野圭吾]這位日本推理作家, 有多部很棒的作品, 好奇心驅駛下, 在博客來買了這本書來看, 大概快6年沒有再接觸過這類的書籍了, 希望在新手媽咪育兒期間, 能透過閱讀轉換不同的心情, 花了大約1個月的時間, 在日常生活中的零碎時間, 看了這本推理, 突然驚覺, 平常自己以為的家人或同事朋友間抱怨的呢喃,  也可以用""矢野雜貨店""的心思去多想一下, 相信說出煩惱的人,心中已定奪, 但只要說出口, 不管得到回覆的答案 是與否, 都只想再次確認自己心中的信念."
0010594847_8_18,石人,5.0,2015/05/17,東野圭吾這個小說家對於台灣人來說並不陌生，而這本《解憂雜貨店》自2013年台灣版本(譯者：王蘊潔)發行以來，一樣受到大家的關注。東野貫徹了新時代的「日常推理」的精神，運用「穿越時空」這個不易落敗的「命題大綱」，加上小說筆法結合正向因子，來揭櫫了人性耀眼的光輝。這本小說的魅力在於其說故事的基調十分穩固，因此我可以推斷，它有著讓任何人都會一讀上癮的魔力，甚至自然而然會產生想推薦或寫推薦文的欲望。我認為，本書可以也給它另一個名稱「蟲洞奇蹟」，除了我本身喜愛蟲洞有著時空聯結的魅力外，從沒想過蟲洞可以用來做好事，而東野不僅注意到了蟲洞的潛力，並且願意寫出一篇這樣有趣、富教育意義的奇幻作品，而這個奇幻的基石也站在科學之上。蟲洞本身有開啟的時間與空間限制，而故事裡的「浪矢雜貨店」也符合這一特質。若要說日本人對於蟲洞理論的運用，或許哆啦A夢的作者藤子不二雄所發明的「時光機」就是先驅代表了。不過經過思考後，覺得「蟲洞奇蹟」這個名字可以適用的對象太過廣泛了，而可一定更早就被使用了，反而襯托不出故事的獨特性。「環環相扣」、「出乎意料」、「因果關係」與「腦力激盪」都是推理小說十分重要的元素，而這本《解憂雜貨店》也幾乎都做到了，而且做得算是完美。而本作最令人驚艷的部分莫過於「環環相扣」。作為一個讀者，對於作者如此用心的安排，給予很大的肯定與相對的崇敬。這不僅代表作者對於自己作品的用心程度，也顯現出了作者對於作品的嚴謹與尊重。這種良好的態度對於任何一個後輩的寫手來說，都是一個優質的典範與激勵。倘若說「推理小說」還可以寫到讓人鼻酸，那麼這本《解憂雜貨店》實實在在地作到了！人們容易在閱讀的過程中被作者刻意安排的段落所感動，然而，先前的推理小說卻極少作到這點(尤指本格推理)。《解憂雜貨店》甚至跳脫了純粹的「日常推理」，以第三人稱的角度，以「書信」(根據我近期的經驗，閱讀書信及魚雁往返依舊是人們喜愛的題材)為基調寫出的。對照在台出版近兩年博客來網路書店民眾的熱評之下，可以看出台灣人是非常喜愛這類題材的，東野圭吾恰好再次成為日本文藝界在台登陸的當紅炸子雞。本作將蟲洞的時空差設定為1979年9月13日至2012年9月13日這兩個時間點，蟲洞也只會開啟6個小時。在這6個小時中，似乎由命運安排好一般，使特定的人們聚合再一起，帶著我們去看「過去」、「現在」與「過去的未來」所發生的事情，並且讓故事中的主人翁們經歷著「預知未來」與「回到過去」的感覺。沒有人能解釋蟲洞的發生，但是在在顯現了罕見的「道德感」，包含浪矢雜貨店的店主雄治、小偷三人組敦也等人，都知道「有些事」是不能「洩漏天機」的。這種道德感，應該歸於良好的「生命倫理」與「自然倫理」的教育。用個日本人常使用的詞彙：「羈絆」來形容這部小說各角色之間的關係，我想是在適合不過了。人與人之間的因緣巧合，是誰都無法參破的謎團，就算具有某種「預知」能力的人，也會了解到許多事情的發展是無法或是不可去改變的，更何況是大部分的的人呢？命運的羈絆會讓你我碰上甚麼樣的人、過上什麼樣的人生，看看這本書，或許你會有更新奇有趣的見解。
0010594847_8_19,艾佳,4.0,2015/05/08,我必須說解憂雜貨店這本書，是我第一次有提起想寫書評的衝動，以往我拜讀了許多東野圭吾的作品，所以好奇這本書到底是在探討些什麼!?我喜歡這本書的原因，是因為故事充滿了讓人完全意想不到的人生走向，相當發人省思。藉由時空的交錯，過去和現在的某個時光機器的開啟，串連了以往和現今形形色色的人，藉由彼此都不知情，可以暢所預言的情況下，透過書信的傳遞，改變了許多人的人生，雖說做決定的終究是自己，但在迷惘時若有一間像解憂雜貨店這樣的諮詢師存在，可以幫助當事人很多不論是在精神或是心靈上的鼓勵~很開心在讀完一本書的同時會有很多情緒~會想和人分享~
0010594847_9_0,sun,5.0,2015/05/07,當初因為是東野圭吾的作品，所以才買的但是在閱讀完後，除了帶點推理的感覺，大部份都帶給我滿滿的感動和感受當闔上最後一頁的時候，內心充斥著無法言喻的感覺對東野圭吾的寫作風格又有了不一樣的認識，很開心買了這本書！！！
0010594847_9_1,安格斯,5.0,2015/05/06,(劇透....)我還是想把它當作推理小說 是靠著內心的一股暖流推進的作品在看書時 在旁邊拿著廢紙畫時間軸 還是很想先猜到這些人之間的關係呢!在這媒體與大眾咨意「造神」的時代人們對欣賞的人常以無限上綱的盲目尊崇對待作者沒有把雜貨店刻畫成神廟對浪矢爺爺也細心勾勒出那煩憂的過往而有些發問者得到的救贖卻來自你我也許都曾看不起的人物孤兒院和雜貨店交纏的情節 流露著綿延的情感兩者的主人年輕時可是被拆散的伴侶而這些發問者就像他們的孩子 受到照顧 得到關愛這不就是家人嗎?印象最深刻的還是音樂人的故事在最後女歌手唱重生的片段 我的眼淚就滑下來了。
0010594847_9_2,暖暖,4.0,2015/05/05,故事細膩~輕鬆溫馨，充滿正面。人的一生都會遇到許多的困難煩惱故事流暢，也有點推理奇幻～瞞推薦溫馨療鬱型小說～　好看
0010594847_9_3,王定凱,5.0,2015/05/01,"雖說表面上看來五篇文章沒有任何關連,讀到中後段讓人有一種驚訝:原來彼此之間有者很微妙的緣份連結者,沒有殺人系列的緊張情節,卻滿載著感動的氛圍,第一次拜讀東也老師的著作就讓我對他細膩的筆法留下深刻的印象,建議沒讀過的讀者們立馬入手一本"
0010594847_9_4,書架子,5.0,2015/05/01,對小時候柑仔店總是充滿歡樂的回憶，一塊可以投巧可力球機、三塊可以買冰、五塊可以買多多、七塊可以買七七乳加...長大後，24小時的便利商店應有盡有，卻沒有當時的歡樂氣氛。我想你們知道為什麼。在為自己開書單時，看到暢銷排行榜上，東野圭吾的《解憂雜貨店》，看了一次內容簡介，看了兩次，看了第三次，心想：好！看你能不能幫我解憂！故事銜接得很好，即使裡面的問題，並不是我的問題，但就是會一直看下去，畢竟有些書沒看完，就是再也不會去打開它。最後一頁我雙眼發亮。《解憂雜貨店》最後一頁我雙眼發亮。東野圭吾的《解憂雜貨店》最後一頁我雙眼發亮。因為它幫我解憂了！！！
0010594847_9_5,chen,5.0,2015/04/11,這真的是一本非常值得品嘗的一本書每則故事雖看似毫無關聯，但她的巧妙關係到最後正是最令人欣賞的一點，而這本書的最後一段大家一定要好好的品嘗。看完後你會更明白自己需要什麼，現在得自己該往何處去這是一本我畢生難忘的書
0010594847_9_6,獅子,5.0,2015/02/15,這是我第一次看東野圭吾的書，也是第一次在博客來推薦書，因為真的很愛他那細膩的筆觸，還有許多巧思，非常療癒的一本書，與大家分享。
0010594847_9_7,Stephanie,5.0,2015/02/14,"這是第一次閱讀東野圭吾的小說，看的是一本關於救贖的書。技巧上，作者的佈局很精妙，幾乎每一個人物，每一條支線都有聯繫，常常會讓人有""竟然如此""的感覺。內容上，每個短篇故事都有讓人反思的地方，我也沒有想過會在看推理小說時留下淚來。"
0010594847_9_8,江沙嬋/大馬,5.0,2015/01/30,本書虽然由幾個短篇， 獨立故事组成， 但東野老師却不驚異的把各獨立故事之主人翁穿插在各故事中。這种串連法誏我看每一篇都驚歎不宜， 直喊原来如此， 尢奇是丸光園與浪矢雄治之関連與及書的結尾安排有如看推理般， 難怪此書被列為推理小説， 虽然沒有杀人及動机等推理原素， 但卻誏人眼前一亮， 原来推理小説也可以这样写， 真的是高招。
0010594847_9_9,吉娃娃,5.0,2015/01/27,看似老而破舊的雜貨店，用途卻不只買賣雜貨而已，迷惑之人將在這獲得救贖，難以選擇的選項將會因為回信的內容而決定當初迷失的方向，過去與現代相互交錯的夜晚，絕望與希望一線之隔的問號將會不復存在，因為答案早已注定，未來或許未知，但當下將得到最完美的方針。原本純屬娛樂性質的的問答過程，慢慢引出故事中人們面對的重大抉擇，一問一答的回信中，有人面對自己最真實的想法；有人撕破自己所包裝的謊言；也有人背道而馳，另謀出路。透過問與答方式，強迫人們面對自己內心中最想選擇的方針，拋開猶豫不決的路標，捨棄拉扯其中 的方向感，面對無法回頭的道路，隨著故事演變，每個人的一舉一動似乎都有細微的關連相連著，雖然閱讀起來感覺有科幻的成分，並且有時空的概念作為背景，然 而最基本的問題就在於，為何過去能於現在相連？作者用當巧妙的方式回答了這看似複雜的問題，而這答案也是我在打書評時，靈光一現得來的，很奇妙的一本小品，透過看似平凡的雜貨店，卻直接了當的撼動我的內心。書中最喜愛的篇章《聽著披頭四默禱》。當知道自己家人所做的選擇是錯誤的，是否還要堅定自己的立場，相伴跟隨？果真是場屬於人生的豪賭，擁有或失去、捨棄或保留，如果是我，我會下賭於哪處？答案我不敢想像，作者透過雜貨店妙語如珠的回答，點醒 了所有站在人生岔路的人，有些路可以及時停下，轉換跑道，但有些道路只有前進一途，所以謹慎考慮所有可能的方針，因為一個決定，將會成就自己，成就未來的人生。
0010594847_9_10,艾奧里斯,4.0,2014/12/22,跨越了時空讓人解憂的神祕雜貨店諮詢郵筒人世間的煩惱無奇不有一般來說都會尋求自己最親近或是有著豐富人生歷練的對象來解憂更多人抱著姑且一試的心態、碰碰運氣的想解決生活裡難題說故事的主人，顛覆了一般的思考常識想解決問題得要耐住書信往來的時間，而且不一定有回覆或答案幫忙解決問題的是三個落難的小偷，或許在現實生活中毫無貢獻可言卻幫助了許多的求助者雖然有著科幻電影般的神奇劇情描述得除了樂觀積極進取的人生態度及些許歪打正著的推論外終究脫離不了人性對於預知未來的渴望我喜歡故事中因果關係的連結，更愛可操控命運的隱喻
0010594847_9_11,小K,5.0,2014/12/18,"幾乎可說是東野圭吾最暢銷的一本書也不為過,這是我第一本接觸東野的書籍,對於作者神來一筆的想法,及從一堆陌生人物的故事中,將整個連貫起來的功力大為讚賞,看完有種暢快的感覺,佩服作者敘述故事的功力,很值得推薦的一本書"
0010594847_9_12,書蟲的YY,5.0,2014/11/01,其實我會看這本書是因朋友介紹，在這之前我也不認識東野圭吾這個作家，當我翻開書就被它深深的吸引，讓我不由沉醉其中，翻著翻著就看完了，而且還意猶未盡呢!如果可以我不希望它就此結束。我以前也看過像解憂雜貨店這樣的書，叫幻想商人，希望大家能去看看。
0010594847_9_13,記視感,4.0,2014/10/09,什麼都解，什麼都不奇怪的《解憂雜貨店》2011 年深夜，敦也、翔太和幸平偷來的車在半路拋錨了，只好躲到廢棄的雜貨店裡等待天明，卻突然聽到外頭傳來動靜，原來是一封信掉在投遞口下方，署名「月亮兔」的運動選手寫下自己的煩惱，並請求「浪矢雜貨店」提供妙計。三人回信後不僅很快又收到來信，而且「月亮兔」似乎生活在 1979 年 . . . . . . 難道又是跳躍時空的情書？（幸好）不是，是穿越時空的煩惱諮商。不同時空的各篇看似獨立成章，但讀者卻忍不住一直往下讀，因為煩惱者、解憂者的遭遇緊緊相繫，而且每個故事都使浪矢雜貨店的謎團漸漸明朗。一開始只是附近孩子故意將「浪矢」（namiya）雜貨店念成「煩惱」（nayami），並找老闆雄治解決無厘頭的問題，例如不想讀書卻想考試一百分、金雞獨立式擊不出全壘打怎麼辦之類，沒想到後來的煩惱越來越正經嚴肅，甚至連大人也來尋求諮商。面對這些問題，雄治皆努力想辦法解答，即使惡作劇的信也認真回覆，因為，「不管是搗蛋還是惡作劇，寫信給『浪矢雜貨店』的人，和真正為了煩惱而上門的人一樣，他們內心有破洞，重要的東西正從那個破洞漸漸流失。最好的證明，就是他們一定會來看牛奶箱，會來拿回信。他們很想知道浪矢爺爺收到自己的信後會怎麼回答。」所以，其實重要的不是解決問題，而是替對方設想的心意。例如，雖然小偷三人組回信大罵對方是笨蛋，或直說對方沒有才華，但他們很認真看待對方的煩惱，而且是真心希望對方別傻了。只有善良熱情之人才會如此，漠不關心的人是不會花這麼多心思和力氣的。正如書名「解憂雜貨店」（或日文書名的直譯「浪矢雜貨店的奇蹟」）所示，本書即使有令人唏噓的故事，但整體而言溫馨感人，能為讀者解憂。只不過，寫完暖呼呼的心得後，我卻忍不住想，怎麼就沒人寫信問浪矢爺爺「我殺了人，請問屍體要怎麼處理？」呢！
0010594847_9_14,xxxyyyzzz,5.0,2014/10/03,"只要看五分鐘後,你可能會想一口氣看完""解憂雜貨店""."
0010594847_9_15,張育霖,5.0,2014/07/11,這是我第一次看東野圭吾的小說，覺得蠻溫馨的小說，蠻多部分寫關於孤兒院的故事，覺得社會上需要關心這群孤兒院的兒童；覺得裡面音樂人那段是最讓我感動的，因為作者要讓我知道，如果你對於你現在努力的事情感到困惑，不知道該不該繼續努力下去，還是轉換跑道，都該堅持你有興趣而且是正向的事，總有一天能夠發揚光大，只不過那天不知道甚麼時候才能看到，這也是需要很大的勇氣去堅持的，前提是要能照顧好自己，並且不要影響別人；最後一段故事讓我覺得善有善報惡有惡報，多做善事積點陰德，做善事不是為了積陰德才去做，而是為了要幫助別人 ! 雖然我覺得前面有點無聊，但看到後面才知道整本故事都各有關聯，不會後悔買它!!
0010594847_9_16,貨運行的藝術家,5.0,2014/03/13,"必須承認一開始是因為書封設計而被吸引了。看過東野作品不算多，印象總是停留在伽利略""科學""犯罪對我來說解憂是一本風格截然不同的作品。由一家替人解憂雜貨店為核心，細細道出周邊的人事物及因果關係，故事由一開始一群迷途羔羊誤打誤撞，率直的回信開啟，轉折淡淡憂傷卻溫暖、充滿人情味，以及不可思議的時空交錯，到最後鼓舞人心的浪矢爺爺的回信，也許很適合給正被生活困窘、迷惘而煩惱不已的你，是一部很溫暖的作品。"
0010594847_9_17,Rita,4.0,2014/03/12,很喜歡這種淡淡的訴說一段段小故事的小說，是可能會發生在你我周遭的，深深淺淺，簡簡單單卻都有其欲表達的意含，就像我們的人生每一段際遇都有所連結，連結著過去，也連結著未來帶著一點溫暖同時也有一點遺憾，閱讀的同時，可以勾起記憶同時讓我們反思自我，是很值得一讀的東野小說。
0010594847_9_18,喬治康,5.0,2014/02/22,以下無雷 .這本書適合五六年級生看 ，因為作者所寫的世代剛好我們身歷其境。尤其當中穿插披頭四的歌曲，如果是披頭四歌迷讀來更加有感覺。總之很容易讓人感動的一本書。
0010594847_9_19,淨,5.0,2014/02/16,"浪矢爺爺最後一封回信相信鼓舞許多人的心雖然對小說仍有一些疑問,例如為何是要33年後呢?難道是我哪裡看露所以不明白嗎?總之看完感想是 :Story ended, but life goes on. Keep fighting for desires.PS.特別喜歡鮮魚店的音樂人的故事。"
0010594847_10_0,夜色憑欄,5.0,2014/02/04,因為向來喜歡讀推理小說，已經聽聞東野圭吾老師很久，但一直沒有甚麼機會讀老師的作品。這一次在書店偶然買下這本書，卻和原本想像的傳統推理小說很不同，是本溫暖人心的好書。在過年這樣家人團聚、冷風凌厲的日子裡讀這本書，可以說是一種享受。本來以為只是本普通的小說，卻沒想到越到後面，故事就越出乎我的意料，也越來越精彩。穿越時空的題材已經不知道看過多少，就算是不同時光中互相傳遞的書信，我也在至少有三、四本書中看過類似的設定。但這樣輕易揉合了預言與時光滄桑的小說，我卻是第一次看。我想，最讓我出乎意料的大慨是第一篇故事。本來令人覺得已成定局的事件，卻在最後來一個急速大轉彎，既不是雜貨店的建議，也不是另一個被否決的答案。答案隱藏在求惑者自己的問題與思考。或許有些時候，很多抉擇不過都是自己決定的。在說出疑問的同時，很多答案已經在冥冥之中有了解答。這個地方很像很多推理小說中解決問題的套路，卻在不同的故事中展現出別有一番光輝。令我無比驚歎。在夢想與現實中的抉擇，誰又能真的做出是非題？即使做出選擇，不管選擇哪條路，最終卻常常後悔。書中雜貨店有來自未來的預言，但角色的決定卻在預言之前，又有誰能參透其中的奧妙？我想，我們需要知道的就只是，我們無法知道自己放棄的路會經過甚麼樣的風景，所以只要堅定地相信自己的路就夠了。所謂的團體，是否要至始至終都不曾分離，共同奔赴相同夢想，才被稱之為團體？這個道理，似乎很是適用。但隱藏在其中的對立面，難道沒有了相同的目標，就不再具有信念了？所謂的君子之交，似乎從來沒有甚麼明確的目標，彼此擁有的，不過是無論何時，我懂你，你信我的最深刻的友誼。在時間與距離的影響下，即使不再如此親密，不再同路而行，但深沈的凝聚之下，留下的會是從來也想像不到的釋然。那時候，再沒有外在的影響，留下的只會是與心靈共鳴的存在。同心與相信，其實是所謂家最深沈的本質。倘若沒有了凝聚的信念，家就不復存在。家其實是個很神奇的存在。兒女迷失了方向，父母卻依然等待；父母老而燭火漸滅，兒女卻依然守候。這就是“家”最美麗的故事。在放棄家的同時，是否也不小心放棄了自己？這還是個未解的答案。最讓我感受到成長的，大概是最後一封信了。“地圖是一張空白的紙，代表未來有無限的可能。想要怎麼畫，全部都由自己決定。沒有選擇，大慨就是最美好的時代。”時代的厚重感和物是人非的更替，被東野圭吾老師寫的惟妙惟肖，令讀者如臨其境，實在值得贊歎。《解憂雜貨店》是本讀來得以細細品味，讀畢深感溫暖的小說，閒暇時閱讀，是種溫柔的享受。
0010594847_10_1,五線 桐,5.0,2014/02/04,我看過很多東野圭吾的推裡故事，對他的寫作手法深感佩服，劇情的佈局讓人為了揭曉謎底而廢寢忘食，而這本解憂雜貨店讓我有了不同的體驗。不同以往的推裡，以不同視角串連故事，一篇篇看到最後，就像平行世界會出現的分支，會跟著感嘆:人生無常，沒有對與錯。溫馨、感動、惆悵.......
0010594847_10_2,Apple,5.0,2014/01/20,第一次看東野先生的書，看到封面設計就被吸引了過來。以為也是類似殺人推理小說，看了內容才發現感覺很溫馨。這本書真的會讓你廢寢忘食，只想用最快的速度讀完它，很溫馨也很溫暖又不失懸疑的成分，很值得看更值得分享。
0010594847_10_3,Derek,4.0,2014/01/20,這本書，雖然看起來是各個不同的故事，但彼此又有關聯。人與人、事與事都是這樣子吧！我花了一個晚上，一鼓作氣地看完整本書，看完，有點惆悵，但又感覺溫暖。一個溫暖的舉動，一個為人考慮的想法，就可以改變世界。
0010594847_10_4,allison,5.0,2014/01/19,"這是第一次看東野圭吾的作品,非常令人感動,孤兒院及雜貨店,再加上交錯的時空,串聯了書中人物的互動,而經由作者巧妙的安排,讓原本獨立或中斷的關係,交織成環環相扣的感人故事,文字淺顯,情感深刻,實在是一本相當特別的書"
0010594847_10_5,韻,5.0,2014/01/13,光看書名就很解憂呀! 當我碰到低潮時，真的有療癒的作用。一篇篇的小故事又前後連貫，東野圭吾的書我其實看的不多，最主要是被書名給吸引的!值得推薦  不會後悔!
0010594847_10_6,效率理財王,5.0,2014/01/03,(以下「無雷」，無劇情透露，請放心)《解憂雜貨店》是奇幻又溫暖人心的輕小說。透過好幾段的小故事貫穿全場，每個故事都有各自的憂慮與煩惱… …。剛好在12月底寒流來襲的假日閱讀這本書，室外是10度C的寒冷天氣，窩在沙發上裹著毯子翻書，手指頭因為冰冷，而導致翻書頁時不靈活。不過看完書之後，內心猶如打開電暖爐般，暖烘烘的，頓時覺得天氣沒那麼冷了。不像其他多位寫書評的讀者一樣，我沒有流下淚。但是，確實有好幾段劇情，深深觸發內心，差點引爆我的淚腺。總結來說，是部感人的作品，看完之後內心充滿正面力量，覺得人生充滿各種可能性與希望，「直到最後的最後，都要相信自己」，可以說是部很棒的療癒系作品，值得一看。
0010594847_10_7,星星,5.0,2013/12/29,很喜歡這本書帶給我滿多驚喜和很大的感動作者真的太會寫故事了看到書本最後一頁時意猶未盡但和看推理小說的感覺不一樣好像得到甚麼收穫
0010594847_10_8,楊寒,5.0,2013/12/07,東野圭吾就是偵探推理小說家！可是這本《解憂雜貨店》不同於他舊有的小說，在時空交錯中透露出了非常溫馨的感覺。除了溫馨外，他細膩的推理手法在小說中結構出複雜而有條理的人物互動關係，而這樣複雜的人物互動使得情節曲折而多變，讓人不禁佩服，東野圭吾他又超越了原來的自己。
0010594847_10_9,黃國華,5.0,2013/11/30,本書《解憂雜貨店》是東野圭吾在2012年所發表的新書，從本書的創作風格可以驚覺東野圭吾的文風又做了大幅改變，以往的推理風格在本書已經淡化，奇幻文學風格的味道越來越濃厚，本書不再有命案、不再有兇嫌，保留了東野的溫暖療癒系列的特點，增添了時光穿越的奇幻元素。書名《解憂雜貨店》的原文是《ナミヤ雑貨店の奇蹟》，ナミヤ雑貨店其實是「浪矢雜貨店」，而浪矢的發音和日文的解憂相似，東野圭吾故意做這樣的安排，顧名思義，這是有關一間稱之「浪矢雜貨店」的故事，浪矢雜貨店的年邁老闆浪矢老爺爺在雜貨店做心理徵詢的服務，如果顧客心中有煩惱或懸而未決的心事，指要把問題寫在信上，從雜貨店的鐵捲門縫細丟進店內，浪矢老爺爺一定會想辦法替大家解決煩惱，回信會放在門口的牛奶箱中。三十幾年後的某日深夜，三名搶匪誤打誤撞闖進這間廢棄了三十多年的雜貨店，原本只是想要躲藏等待天亮，卻沒想到開啟了三十多年前與現在的時光聯繫，三名搶匪無心插柳柳成蔭地替三十多年前前來雜貨店尋求解憂的人回答問題起來。故事有點穿越劇的橋段，只是穿越時空的不是人，而是一封封的求助信，寫求助信的人是三十多年的人，但他們卻不曉得回信的人士來自未來，還以為依舊仍是浪矢老爺爺。東野圭吾並沒有解釋許多故事中的謎團，例如信件的時光穿越的原因，以及為什麼浪矢老爺爺在三十多年前臨終之前要他的兒子在三十多年後的某月某日重新開啟「浪矢雜貨店」的解憂服務，彷彿預知三十多年後會有誤打誤撞闖進的來搶匪延續他的解憂服務。當然，對帶有奇幻的故事而言，「why？」並沒有「what？」來得重要，只要故事的發展好看動人，讀者多半不會太計較奇幻的本質。排除這些謎團細節，本書一共有五個短篇故事，代表五個上浪矢雑貨店尋求解答人生疑難雜症的故事，雖然是由五個故事組成，但五個故事的人物彼此牽連相關，五個透過解憂得到釋放因而從此寬廣的人生故事，有趣的是解憂的人並非浪矢老爺爺，而是三位走投無路鋌而走險幹下搶劫罪刑的年輕人，透過奇幻的時光雜貨店而替過去三十幾年前的人提供人生的導引。東野圭吾並沒有安排智者、專家或夠資格的人來擔任解憂的回信者，反而用走投無路的搶匪來當他人的解憂導師，貫穿在其中的道理可用書中浪矢老爺爺所說的一句話來解釋：「會來諮詢的人通常心裡都已有了答案，詢問只是想得到更多的支持。」其實每個人心中早就有自己的答案，就算是心理諮詢專家，能夠提供的幫助其實和搶匪沒有兩樣。五個尋求解憂的人貫穿了幾十年日本現實社會發展，東野將橫跨三十餘載的五大日本時事（包括披頭四來日本、萬國博覽會、石油危機、抵制莫斯科奧運、日本泡沫經濟)寫在故事中，憑添了許多時間流轉的氣氛，和芸芸眾生在社會發展洪流中的載載沉沉。解憂的老爺爺與綁匪以及尋求解憂的人，其間的命運之巧合讓讀者大嘆造化弄人，甚至可以讓人聯想出「莊周夢蝶」的奇幻意境。從這些安排可以看到東野圭吾的創作功力又更上一層樓，我個人認為藉由本書，東野圭吾的創作高度已經抵達世界級的水準。奇實這種時空的書信往來題材，本書並非原創，日本有名的動漫與電玩遊戲《命運石之門》是這類題材的濫觴，只是東野圭吾將透過手機簡訊向過去的人發佈訊息改成手寫的書信。我個人認為這本書最吸引閱讀者一讀的地方在於「簡單易讀」、「適當的篇幅」和「趣味性」，在文字書越來越式微的今天，未來的文學創作勢必得朝向簡單、短篇和高娛樂性的方向，厚重的大部頭、繁雜的人物關係與故事結構、隱喻式的難讀文學性作品將無法受到未來年輕人的青睞。《解憂雜貨店》讀起來很輕鬆，每篇故事只有短短的六七十頁，每天睡前花個二十分鐘看一篇，對讀者而言沒有太大的負擔。如果硬要找這本作品的小缺點，那應該是「過於over的情感」，不喜歡灑狗血催淚的讀者可能會不太習慣。總而言之，本書又是東野圭吾一次成功的轉型，相信他下一本的作品應該會讓讀者更為驚艷。
0010594847_10_10,露,5.0,2013/11/17,"書看了很多, 不過從來沒想過要寫甚麼評論, 可是一口氣看完這書後的感覺太好了, 很想來給它好幾個星星, 並推薦喜歡閱讀擁有「人情」的書籍的讀者, 不要錯過這部, 看完會覺得很溫暖。不過本書真沒甚麼推理成份, 只愛推理故事的讀者要留意了。"
0010594847_10_11,Gold,5.0,2013/11/13,很快的利用二天的時間將《解憂雜貨店》讀完，太精彩絕妙了！東野圭吾不愧是說故事的老手，簡直把卡爾維諾於《如果在冬夜，一個旅人》中大開先河及David Mitchell在《雲圖》裡玩得怪誕玄奇的所謂「後現代主義」、「後設小說」的解構與拼貼特色發揮到淋漓盡致的地步，難得的是東野大師還將橫跨三十餘載的世界時事（包括披頭四、萬國博覽會、石油危機、抵制莫斯科奧運、日本泡沫經濟等等）流暢地穿插於五則穿越時空卻又互為串連、環環相扣的溫馨故事中，讓親歷過那整個時代的人們倍感親切。書中的「浪矢雜貨店」和「丸光園孤兒院」就像二條命運的紅絲線，環繞其中的解憂老爹和諸多煩惱者的詢答互動，牽起了幾代人以互相理解、充滿同理心與十足誠意為元素，建構起「抱持勇氣與希望，追求人生理想的過程縱使有起有伏，但只要能堅持到底，終有圓滿結局」的悲歡遇合，有如織錦般美麗！像暖暖包一樣溫暖！導讀人說此書是「一本無須謀殺，不用警探，甚至連惡人都沒有的推理小說」，誠哉斯言！
0010594847_10_12,南國風,5.0,2013/11/10,第一次給書評就是這本了！這本書給了我很神奇的感覺，越看越發麻。不是因為恐怖而麻，而是因為....驚訝又感動！不多說！一定要親自看過才能體會！誠摯推薦此書！
0010594847_10_13,annpec,5.0,2013/11/04,對東野圭吾的印象都停留在伽俐略中，自己對懸疑書沒有興趣，所以不會特別去翻他的書來看。而解憂雜貨店是我無意中在博客來發現在打79拆看了內容還不錯，用來打發時間。收到書後並不是第一本閱讀，卻是讓我無法放手的書。書中沒有大道理或是懸疑的內容，只有或許~~我的人生有很多的或許，常常讓我想起。但人生無法重來，也沒有後悔藥，更不可能穿越。所以大吵大鬧大笑大哭後，一切又回歸平凡。誰說的~~再痛的苦都會過去，差異是時間的長度。
0010594847_10_14,Marcus Hsu,5.0,2013/11/02,很特別的故事，閱讀的過程中一直有不同的感受和感動，但也不單純是勵志故事，而是結合了推理的勵志小說，很棒的一本書!
0010594847_10_15,yvonne,5.0,2013/10/30,"非常值得讀的一本書, 內容不只是為書中的人解憂, 同時也給讀者對人生的正面看法,這是我第一本東野圭吾的書, 書的內容非常細膩, 寫作手法也非常細緻溫柔.  從書中能感受到微微的溫暖.看完之後的感覺就是, 能夠看到那麼治癒的書實在太好了."
0010594847_10_16,keny,4.0,2013/10/22,"巧妙布局的一本書,十足東野的風格,不過幾乎可以說是跟推理扯不上太大的關係,也並非類似咖啡館推理事件那種無關殺人案的類型,甚至可以說是東野純文學小說的型態,只能說是巧妙的聯結與布局讓讀者驚艷,是本好書但如果期待推理性質的書迷就要失望了"
0010594847_10_17,Cynthia,5.0,2013/10/20,很溫柔療癒的一本書...推薦所有渴望一個細聲安慰或溫暖擁抱的人們!看完後會覺得這個世界充滿希望，會更有勇氣走下去~
0010594847_10_18,讓人擁有滿滿感動的一本書,5.0,2013/10/13,"這是一本讓人感動的好書,不是因為它的懸疑,也不是華麗的文字。樸實的文字搭配深刻的人物刻畫,在字裡行間找到屬於作者的細膩心思。是一本看了之後會想要推薦給朋友的好書！"
0010594847_10_19,發財寶寶,5.0,2013/09/30,解憂 !解憂!人的煩腦及憂愁都須有第三者來給點意見及建議!雜貨店就是這角色，不管裡頭是誰，煩腦的人都很感激能有人給點意見及活著的勇氣。
0010594847_11_0,Daisy,5.0,2013/09/29,解憂雜貨店~只要寫一封信 訴說心中的困惑~就會有人與你討論心中問題~我心裡在想~如果真的有間解憂咖啡廳~相信 應該也會很有趣!!!我想 每個人的人生~都默默的與身邊的一切有著隱形的線~因為這條線 將大家的生活串在一起~很多時候 我們在生活中遇到困難我們總希望有人給予方向 給予答案其實 我們心中早就有答案只是 我們有靜下來 聽聽心的聲音嗎?書中雜貨店老闆 很真實的回答~也很真實提出疑問~讓提問題的人慎重思考自己的問題~書中的故事像拼圖一樣一塊一塊拼湊起來~每個故事都有淵源~~很棒的故事 讓人思考許多~讚!!!
0010594847_11_1,台北小熊貓,5.0,2013/09/27,"非常細膩,不同於東野以往的風格運用許多小細節串起每一章得仔細觀察才行^^看完之後心中充滿溫暖"
0010594847_11_2,書小姐,5.0,2013/09/21,其實這是我第一次看作者的書籍一開始翻閱就深深地被吸引住像是電影推理式的節奏跟著故事情節順著看下去才發現　原來過程就有許多線索不停提示著我們雖說是推理　但裡面卻找不到任和一個惡人作者總以日常小事來表達人生所可能遭遇的困境與抉擇連結局都令人感動的紅了眼眶看似毫無關聯的幾位主角　才發現每個人的命運都是那麼緊緊關聯著這就是人生吧　你永遠想不到　即使是一位路人　都可能與未來的你息息相關人生的答案　取決於自己當下的每個抉擇你決定了什麼　割捨了什麼　造就了未來什麼樣的你好幾次對於作者回答、解惑故事裡主角的困境我都覺得很佩服　人生真的是一門很大學問這本書　我一直收藏在我心裡　感動很久很久．．
0010594847_11_3,楊燕筑,5.0,2013/08/11,"這本,並不是我看東野老師的第一本書但,是我看東野老師最感動的一本書....跟開始看覺得跟其他本沒兩樣!但是從我進入到解憂雜貨店後開始不一樣!來信的每個人都深受困擾,雖然回信的只不過是令人看不起的三位小偷,但他們的人生經驗很豐富再加上三個個性都不相同,回信的內容有時令人很生氣很直接也有的是很溫馨很正面的!我很喜歡東野老師的溫馨路線!!很貼切世界上某些人的煩惱也很真實...我之所以想推薦這本書沒第二個原因───這本真是本好書!看了會一再再看下去,還沒買的人趕快看吧!或許\你有一天也會進入解憂雜貨店:)"
