review_id,book_title,rating,review_cleaned,processed_text,pos_text
0011032772_1_0,牧羊少年奇幻之旅,5.0,這不僅是一本小說，更是一份人生指引。牧羊少年聖地牙哥跨海追夢，歷經欺騙與磨難，最終發現寶藏就在出發處。保羅·科爾賀用寓言體提煉最深刻的真理：勇氣、傾聽內心、讀懂宇宙的徵兆。金句版格外值得收藏——每一次翻閱，都是對夢想的重新確認。,不 僅 一本 小 說 更是 一份 人生 指引 牧羊 少年 聖地牙哥 跨海 追夢 歷經 欺騙 磨難 最終 發現 寶藏 出發 處保 羅科爾 賀 用 寓言 體 提煉 深刻 真理 勇氣 傾聽 內心 讀 懂 宇宙 徵 兆 金 句 版 值得 收藏 每 一次 翻閱 夢想 重新 確認,不/d 僅/d 一本/m 小/a 說/v 更是/d 一份/m 人生/n 指引/v 牧羊/n 少年/m 聖地牙哥/ns 跨海/n 追夢/v 歷經/d 欺騙/v 磨難/n 最終/d 發現/v 寶藏/n 出發/v 處保/v 羅科爾/nr 賀/vg 用/p 寓言/n 體/n 提煉/v 深刻/d 真理/n 勇氣/n 傾聽/v 內心/n 讀/v 懂/v 宇宙/n 徵/g 兆/vg 金/ng 句/q 版/n 值得/v 收藏/v 每/zg 一次/m 翻閱/v 夢想/n 重新/a 確認/v
0011032772_1_1,牧羊少年奇幻之旅,5.0,《牧羊少年奇幻之旅》對我來說不只是一本寓言故事，更像是在人生不同階段都能重新翻閱、重新得到力量的一本書。當你擁有真心的渴望，就放心去追尋吧！,牧羊 少年 奇幻 之 旅 我 來說 不 一本 寓言故事 像是 人生 不同 階段 重新 翻閱 重新得到 力量 一本 書 當 你 擁有 真心 渴望 放心 去 追尋,牧羊/n 少年/m 奇幻/n 之/u 旅/n 我/r 來說/u 不/d 一本/m 寓言故事/i 像是/v 人生/n 不同/a 階段/n 重新/a 翻閱/v 重新得到/l 力量/n 一本/m 書/n 當/p 你/r 擁有/v 真心/d 渴望/v 放心/v 去/v 追尋/v
0011032772_1_2,牧羊少年奇幻之旅,4.5,相信勇敢地去追尋上天賦予我們的天命，儘管在路上遇到了很多困難，面對不確定與挑戰時，只要用心聆聽內心真實想法，也能像故事中的牧羊少年聖狄雅各一樣，得到無限的力量去探尋寶藏,相信 勇敢 地 去 追尋 上天 賦予 天命 儘 路上 遇到 很多 困難 面對 不 確定 挑戰 時 用心 聆聽 內心 真實 想法 像 故事 中 牧羊 少年 聖狄 雅各 得到 無限 力量 去 探 尋寶藏,相信/v 勇敢/a 地/uv 去/v 追尋/v 上天/t 賦予/v 天命/nz 儘/yg 路上/s 遇到/v 很多/m 困難/an 面對/v 不/d 確定/v 挑戰/vn 時/n 用心/n 聆聽/v 內心/n 真實/d 想法/v 像/v 故事/n 中/f 牧羊/n 少年/m 聖狄/ns 雅各/nrt 得到/v 無限/a 力量/n 去/v 探/v 尋寶藏/nr
0011032772_1_3,牧羊少年奇幻之旅,1.5,因為網路上評價都很高所以抱著很大的期望來看這本書。結果看了超級失望，通篇都是陳腔濫調、似是而非的勵志語句，劇情和對話的敘述手法也非常粗糙，讀起來很沒有帶入感。最無言的是最後結局也根本沒有呼應到故事中一直想傳達的理念。,網 路上 評價 很 高 抱著 很大 期望 來看 本書 看 超級 失望 通篇 陳 腔 濫調 似是而非 勵志 語句 劇情 話 敘述 手法 非常 粗糙 讀 起來 很 沒有 帶入 感 無言 後 結局 根本 沒有 呼應 故事 中 傳達 理念,網/n 路上/s 評價/n 很/d 高/a 抱著/v 很大/a 期望/v 來看/u 本書/r 看/v 超級/b 失望/v 通篇/n 陳/nr 腔/q 濫調/v 似是而非/i 勵志/n 語句/n 劇情/n 話/n 敘述/v 手法/n 非常/d 粗糙/a 讀/v 起來/v 很/d 沒有/v 帶入/v 感/vg 無言/v 後/nr 結局/n 根本/a 沒有/v 呼應/v 故事/n 中/f 傳達/v 理念/n
0011032772_1_4,牧羊少年奇幻之旅,5.0,每個人都都該有讀過這本小學高年級可以看國中生該看高中更該看易閱謮書不厚作者 的書我最推這本幫助每個人夢想成真透過積極想像你就會成為那樣的人,每個 人 該 讀 過 這本 小學 高年級 看 國中 生該 看 高中 更該 看 易 閱 謮 書 不 厚 作者 書 我 推 這本 幫助 每個 人 夢 想成 真 透過 積極 想像 你 成為 人,每個/r 人/n 該/r 讀/v 過/ug 這本/r 小學/n 高年級/b 看/v 國中/s 生該/v 看/v 高中/s 更該/d 看/v 易/a 閱/vg 謮/zg 書/n 不/d 厚/a 作者/n 書/n 我/r 推/v 這本/r 幫助/v 每個/r 人/n 夢/n 想成/v 真/d 透過/v 積極/ad 想像/v 你/r 成為/v 人/n
0011032772_1_5,牧羊少年奇幻之旅,2.5,大概是因為我自己沒有慧根，讀了一半覺得索然無味便決定放棄，希望多年之後的某一天能讀懂其中的意義，再來好好推薦這本書,我 沒 有慧根 讀 一半 覺得 索然 無味 便 決定 放棄 希望 多年 之 後 某 一天 能讀 懂 其中 意義 來 好好 推薦 本書,我/r 沒/zg 有慧根/nr 讀/v 一半/m 覺得/v 索然/d 無味/d 便/d 決定/v 放棄/v 希望/v 多年/m 之/u 後/nr 某/r 一天/m 能讀/v 懂/v 其中/r 意義/n 來/v 好好/d 推薦/v 本書/r
0011032772_1_6,牧羊少年奇幻之旅,4.0,每個人心裡都有一個或多個夢想，想去實現卻被現實絆住，甚至安於現狀而不願改變，這本書在不同階段，用不同方式提醒主角，不要放棄追尋夢想，看到最後我笑了，原來找尋的東西一直都在身邊。好深的隱喻...,每個 人心 裡 多個 夢 想想 去 實現 現實 絆住 安於 現狀 不 願 改變 本書 不同 階段 用 不同 方式 提醒 主角 不要 放棄 追尋 夢 看到 後 我 笑 找尋 東西 身邊 深 隱喻,每個/r 人心/n 裡/f 多個/m 夢/n 想想/v 去/v 實現/v 現實/n 絆住/v 安於/nr 現狀/n 不/d 願/v 改變/v 本書/r 不同/a 階段/n 用/p 不同/a 方式/n 提醒/v 主角/n 不要/df 放棄/v 追尋/v 夢/n 看到/v 後/nr 我/r 笑/v 找尋/v 東西/ns 身邊/s 深/a 隱喻/n
0011032772_1_7,牧羊少年奇幻之旅,5.0,這部作品適合所有正在尋找人生方向、渴望與內在對話的人閱讀。它不會給你現成的答案，卻會在你心中種下一顆種子，讓你在某個時刻，勇敢踏上屬於自己的旅程。,這部 作品 適合 所有 正在 尋找 人生 方向 渴望 內 對話 人 閱讀 不 你 現成 答案 你 心中 種 下 一顆 種子 你 某個 時刻 勇敢 踏上 屬 於 旅程,這部/r 作品/n 適合/v 所有/b 正在/t 尋找/v 人生/n 方向/n 渴望/v 內/f 對話/n 人/n 閱讀/v 不/d 你/r 現成/v 答案/n 你/r 心中/s 種/m 下/f 一顆/m 種子/n 你/r 某個/r 時刻/n 勇敢/a 踏上/v 屬/v 於/nr 旅程/n
0011032772_1_8,牧羊少年奇幻之旅,5.0,《牧羊少年奇幻之旅》不只是心靈雞湯。它也提醒我們：夢想的實現需要勇氣、犧牲與對徵兆的敏銳覺察。聖地亞哥的旅程不斷面對選擇與失落，他必須學會傾聽內心、信任直覺，並在看似平凡的事物中發現宇宙的語言。,牧羊 少年 奇幻 之 旅 不 心靈 雞 湯 提醒 夢想 實現 需要 勇氣 犧牲 徵 兆 敏銳 覺察 聖地亞哥 旅程 面對 選擇 失落 他 學會 傾聽 內心 信任 直覺 並 看似 平凡 事物 中 發現 宇宙 語言,牧羊/n 少年/m 奇幻/n 之/u 旅/n 不/d 心靈/n 雞/n 湯/n 提醒/v 夢想/n 實現/v 需要/v 勇氣/n 犧牲/v 徵/g 兆/vg 敏銳/a 覺察/v 聖地亞哥/ns 旅程/n 面對/v 選擇/v 失落/v 他/r 學會/n 傾聽/v 內心/n 信任/n 直覺/n 並/c 看似/v 平凡/a 事物/n 中/f 發現/v 宇宙/n 語言/n
0011032772_1_9,牧羊少年奇幻之旅,5.0,這本書的魅力在於它以簡潔的語言，傳遞了深刻的訊息。故事中充滿了象徵與隱喻：煉金術象徵著自我轉化，沙漠代表生命的試煉，而「天命」則是每個人靈魂深處的召喚。書中那句經典名言——「當你真心渴望某樣東西時，整個宇宙都會聯合起來幫助你完成」——成為無數讀者心中的信念與鼓舞。,本書 魅力 於 以 簡潔 語言 傳遞 深刻 訊息 故事 中 充滿 象 徵 隱喻 煉 金術 象 徵 自我 轉化 沙漠 代表 生命 試煉 天命 則 每個 人 靈魂深處 召喚 書 中 句 經典 名言 當 你 真心 渴望 某樣 東西 時 整個 宇宙 聯合 起來 幫助 你 完成 成為 無數 讀者 心中 信念 鼓舞,本書/r 魅力/n 於/nr 以/p 簡潔/a 語言/n 傳遞/v 深刻/d 訊息/n 故事/n 中/f 充滿/v 象/n 徵/g 隱喻/n 煉/v 金術/n 象/n 徵/g 自我/r 轉化/v 沙漠/n 代表/n 生命/vn 試煉/v 天命/nz 則/d 每個/r 人/n 靈魂深處/i 召喚/v 書/n 中/f 句/q 經典/n 名言/n 當/p 你/r 真心/d 渴望/v 某樣/r 東西/ns 時/ng 整個/b 宇宙/n 聯合/v 起來/v 幫助/v 你/r 完成/v 成為/v 無數/m 讀者/n 心中/s 信念/n 鼓舞/v
0011032772_1_10,牧羊少年奇幻之旅,4.0,這本書在講一個牧羊少年在夢中察覺到他的天命（尋找寶藏），一路從西班牙到達撒哈拉，賣過水晶、加入商隊、找到綠洲、遇到了煉金術士、最後到達金字塔的過程。裡面用簡單的對話穿插一些有智慧的話語，我個人感覺有點像紀伯倫的先知。剛好最近非常著迷這種類型的寫作，有點像阿拉伯文學的延伸（雖然他是巴西人）。不過這樣的寫作也會讓宗教感變得很濃厚（其實牧羊人的設定就蠻明顯的），所以可以理解為什麼有人完全不喜歡這本書。與這本書的相遇，就像他本身說的「是個好預兆」。它提供了我在現階段所需要的勇氣。書中不停強調要聽自己內心的聲音，因為寶藏就在那裡。我想到了之前在地海巫師讀到的，「欲聆聽，必先靜默」。確確實實的閉嘴，自己安靜個一兩天，確實能夠幫助我傾聽自己（但快開學了這件事門檻要提升）另外我也喜歡這本書的氛圍，有點安達魯西亞、有點預言、有點撒哈拉。不推薦這本書給所有人，推薦給相信冥冥之中自有安排(destiny/مكتوب）、而且最近需要啟程但沒有勇氣的人（但還是要追尋）,本書 講 牧羊 少年 夢 中 察 覺到 他 天命 尋找 寶藏 一路 西班牙 達 撒哈拉 賣 過 水晶 加入 商隊 找到 綠洲 遇到 了煉 金術士 後 達 金字塔 過程 裡面 用 簡單 對話 穿插 一些 智慧 話語 我個 人感 覺有 點 像 紀伯倫 先知 剛好 最近 非常 著迷 這種 類型 寫作 點 像 阿拉伯文 學 延伸 他 巴西人 寫作 宗教 感變 得 很 濃厚 其實 牧羊人 設定 蠻 明顯 理解 有人 完全 不 喜歡 本書 本書 相遇 像 他 本身 說 個 預兆 提供 我 現階段 所 需要 勇氣 書 中 強調 聽 內心 聲音 寶藏 我 想到 之前 地海 巫師 讀到 欲 聆聽 必先 靜默 確確實實 閉嘴 安靜 個 一兩天 確實 能夠 幫助 我 傾聽 但 快 開學 這件 事 門 檻 提升 我 喜歡 本書 氛圍 點 安達魯西亞 有點 預言 點 撒哈拉 不 推薦 本書 所有人 推薦 相信 冥冥之中 自有 安排 destiny م ك ت و ب 最近 需要 啟程 但 沒有 勇氣 人 但 追尋,本書/r 講/v 牧羊/n 少年/m 夢/n 中/f 察/j 覺到/v 他/r 天命/nz 尋找/v 寶藏/n 一路/m 西班牙/ns 達/v 撒哈拉/nrt 賣/v 過/ug 水晶/n 加入/v 商隊/n 找到/v 綠洲/n 遇到/v 了煉/v 金術士/n 後/nr 達/v 金字塔/nr 過程/n 裡面/f 用/p 簡單/a 對話/n 穿插/v 一些/m 智慧/nr 話語/n 我個/r 人感/n 覺有/v 點/m 像/v 紀伯倫/nr 先知/n 剛好/d 最近/f 非常/d 著迷/v 這種/r 類型/n 寫作/v 點/q 像/v 阿拉伯文/nrt 學/v 延伸/v 他/r 巴西人/nrt 寫作/v 宗教/n 感變/v 得/ud 很/d 濃厚/a 其實/d 牧羊人/nr 設定/n 蠻/d 明顯/a 理解/v 有人/r 完全/ad 不/d 喜歡/v 本書/r 本書/r 相遇/v 像/v 他/r 本身/r 說/v 個/q 預兆/n 提供/v 我/r 現階段/t 所/u 需要/v 勇氣/n 書/n 中/f 強調/v 聽/v 內心/n 聲音/n 寶藏/n 我/r 想到/v 之前/f 地海/ns 巫師/n 讀到/v 欲/d 聆聽/v 必先/d 靜默/a 確確實實/ad 閉嘴/v 安靜/nr 個/q 一兩天/m 確實/ad 能夠/v 幫助/v 我/r 傾聽/v 但/c 快/a 開學/v 這件/mq 事/n 門/n 檻/g 提升/v 我/r 喜歡/v 本書/r 氛圍/n 點/q 安達魯西亞/ns 有點/n 預言/v 點/q 撒哈拉/nrt 不/d 推薦/v 本書/r 所有人/n 推薦/v 相信/v 冥冥之中/l 自有/v 安排/v destiny/eng م/x ك/x ت/x و/x ب/x 最近/f 需要/v 啟程/n 但/c 沒有/v 勇氣/a 人/n 但/c 追尋/v
0011032772_1_11,牧羊少年奇幻之旅,5.0,你正在生活或夢想中迷茫了嗎?這本書讓你覺察自己正在為了什麼忙碌和堅持？路上遇到的任何事物都是一種預兆，讓你發現自己正在走在路上前進，不要放棄，每一個發生的故事都是你的精彩回憶跟寶藏，決定前往的終點不變，整個宇宙都會幫助你。,你 正在 生活 夢想 中 迷茫 本書 你 覺察 正在 忙碌 堅持 路上 遇到 任何事物 一種 預兆 你 發現 正在 走 路上 前 進 不要 放棄 每 發生 故事 你 精彩 回憶 寶藏 決定 前往 終點 不變 整個 宇宙 幫助 你,你/r 正在/t 生活/vn 夢想/n 中/f 迷茫/z 本書/r 你/r 覺察/v 正在/t 忙碌/a 堅持/v 路上/s 遇到/v 任何事物/n 一種/m 預兆/n 你/r 發現/v 正在/t 走/v 路上/s 前/f 進/v 不要/df 放棄/v 每/r 發生/v 故事/n 你/r 精彩/n 回憶/v 寶藏/ns 決定/v 前往/t 終點/d 不變/v 整個/b 宇宙/n 幫助/v 你/r
0011032772_1_12,牧羊少年奇幻之旅,5.0,在我看來所謂的美麗人生是跟隨自己的意志力，堅強的達到目標而讓自己在暮年回首ㄧ望時感到不虛此生；書中的少年因渴望四處旅行而沒有繼續在修道院讀書後就去牧羊，如果他就此安然的度過餘生也可以像一般人家一樣娶妻生子延續他牧羊的工作，而他卻一心想去一探究竟他的寶藏所在之處，就算發現從他的國家（西班牙）要去埃及一路上會經過一片沙漠他也沒有被打敗，他賣掉羊的錢全被偷走他也沒打消念頭，讀者可以從他在幫忙賣水晶後已經賺取到人生的第一桶金時發現主角最後想去探尋的不只是寶藏而已，因為他自己是帶著一大袋錢上路的，而在沙漠的綠洲遇到喜歡的女生且他又被綠洲長老指派有位階的工作，是他第二次遇到可以有落腳處渡過餘生的機會，但煉金術士也提醒他等他身上可以辨別大自然提醒訊息的能力變弱時也會遇到不被重用的窘境，因此他決定繼續踏上前往埃及的路程，遇到綁匪而被同伴（煉金術士）拿著他的錢去換取想辦法的時間，這時反而因為懼怕而發揮了潛能學會和大自然溝通再去召喚大自然的力量幫他脫離險境，而煉金術士也很貼心的當他人生的貴人幫他預留去完埃及後要回程的旅費，當他再次回到自己原本牧羊的廢棄修道院並挖開樹根後發現原來在埃及聽到有人跟他說的夢境-西班牙安達魯西亞某處廢棄修道院的樹根底下有寶藏是真的。主角一路上風風雨雨的去埃及換取到一個真實的訊息，讓他一生中經歷過各種人生歷練（被騙、幫忙弱者、工作、辨識各種情況帶給自己的訊息、體驗沙漠和綠洲、認識到就算在沙漠中也會隨時遇到戰爭）和學習到不同凡響的能力讓他不虛此行。,我 看來 美麗 人生 跟隨 意志力 堅強 達到 目標 暮年 回首 ㄧ 望 時 感到 不虛 此生 書 中 少年 因 渴望 四處 旅行 沒有 繼續 修道院 讀書 後 去 牧羊 他 就此 安然 的度 過餘生 像 一般 人家 娶妻生子 延續 他 牧羊 工作 他 一 心想 去一 探 他 寶藏 所在 之處 發現 他 國家 西班牙 去 埃及 一路上 一片 沙漠 他 沒有 打敗 他 賣 掉 羊 錢 全 偷走 他 沒 打消 念頭 讀者 他 幫忙 賣 水晶 後 已經 賺 取到 人生 第一桶金 時 發現 主角 後 去 探尋 不 寶藏 而已 他 帶著 一大 袋 錢 上路 沙漠 綠洲 遇到 喜歡 女生 且 他 綠洲長 指派 位階 工作 他 第二次 遇到 落 腳 處渡 過 餘生 機會 但 煉金術士 提醒 他 等 他 身上 辨別 大自然 提醒 訊息 能力 變弱 時 遇到 不 重用 窘境 他 決定 繼續 踏上 前往 埃及 路程 遇到 綁匪 同伴 煉金術士 拿著 他 錢 去 換 取想 辦法 時間 這時 懼怕 發揮 潛能 學會 大自然 溝通 去 召喚 大自然 力量 幫 他 脫離 險境 煉金術士 很 貼心 當 他 人生 貴人 幫 他 預留 去 完 埃及 後 回程 旅費 當 他 回到 原本 牧羊 廢棄 修道院 並 挖開 樹根 後 發現 埃及 聽到 有人 他 說 夢境 西班牙 安達魯西亞 某處 廢棄 修道院 樹根 底下 寶藏 真的 主角 一路上 風風雨雨 去 埃及 換 取到 真實 訊息 他 一生 中經歷 過 各種 人生 歷練 騙 幫 忙 弱者 工作 辨識 各種 情況 帶給 訊息 體驗 沙漠 綠洲 認識 沙漠 中 隨時 遇到 戰爭 學習 不同 凡 響 能力 他 不 虛 此行,我/r 看來/v 美麗/a 人生/n 跟隨/v 意志力/n 堅強/a 達到/v 目標/n 暮年/t 回首/v ㄧ/x 望/v 時/ng 感到/v 不虛/a 此生/t 書/n 中/f 少年/m 因/p 渴望/v 四處/m 旅行/vn 沒有/v 繼續/v 修道院/nr 讀書/n 後/nr 去/v 牧羊/n 他/r 就此/d 安然/nr 的度/d 過餘生/l 像/v 一般/a 人家/n 娶妻生子/v 延續/v 他/r 牧羊/n 工作/vn 他/r 一/m 心想/n 去一/t 探/v 他/r 寶藏/n 所在/b 之處/r 發現/v 他/r 國家/n 西班牙/ns 去/v 埃及/ns 一路上/l 一片/m 沙漠/n 他/r 沒有/v 打敗/v 他/r 賣/v 掉/v 羊/n 錢/n 全/a 偷走/v 他/r 沒/v 打消/v 念頭/n 讀者/n 他/r 幫忙/v 賣/v 水晶/n 後/nr 已經/d 賺/v 取到/v 人生/n 第一桶金/n 時/ng 發現/v 主角/n 後/nr 去/v 探尋/v 不/a 寶藏/nr 而已/y 他/r 帶著/v 一大/a 袋/q 錢/n 上路/ns 沙漠/n 綠洲/n 遇到/v 喜歡/v 女生/n 且/c 他/r 綠洲長/n 指派/n 位階/n 工作/vn 他/r 第二次/m 遇到/v 落/v 腳/n 處渡/v 過/ug 餘生/n 機會/n 但/c 煉金術士/n 提醒/v 他/r 等/u 他/r 身上/s 辨別/v 大自然/d 提醒/v 訊息/n 能力/n 變弱/v 時/ng 遇到/v 不/d 重用/v 窘境/n 他/r 決定/v 繼續/v 踏上/v 前往/t 埃及/ns 路程/n 遇到/v 綁匪/n 同伴/n 煉金術士/n 拿著/v 他/r 錢/n 去/v 換/v 取想/v 辦法/n 時間/n 這時/r 懼怕/v 發揮/v 潛能/v 學會/n 大自然/d 溝通/n 去/v 召喚/v 大自然/d 力量/n 幫/v 他/r 脫離/v 險境/n 煉金術士/n 很/d 貼心/a 當/p 他/r 人生/n 貴人/n 幫/v 他/r 預留/v 去/v 完/v 埃及/ns 後/nr 回程/n 旅費/vn 當/p 他/r 回到/v 原本/n 牧羊/n 廢棄/v 修道院/nr 並/c 挖開/v 樹根/n 後/nr 發現/v 埃及/ns 聽到/v 有人/r 他/r 說/v 夢境/n 西班牙/ns 安達魯西亞/ns 某處/r 廢棄/v 修道院/nr 樹根/n 底下/f 寶藏/nr 真的/d 主角/n 一路上/l 風風雨雨/i 去/v 埃及/ns 換/v 取到/v 真實/a 訊息/n 他/r 一生/m 中經歷/nz 過/ug 各種/r 人生/n 歷練/n 騙/v 幫/v 忙/v 弱者/n 工作/vn 辨識/v 各種/r 情況/n 帶給/v 訊息/n 體驗/n 沙漠/n 綠洲/n 認識/v 沙漠/n 中/f 隨時/d 遇到/v 戰爭/n 學習/v 不同/a 凡/d 響/v 能力/n 他/r 不/d 虛/d 此行/r
0011032772_1_13,牧羊少年奇幻之旅,5.0,不管經過了多少年，這本書將會是永遠的經典!故事告訴我們寶藏其實就在我們自己的身邊，或者是深埋藏在我們的心中，只是有的時候，沒有繞過一大圈，我們很難去發掘。 我們如果能真切聆聽內心的聲音啟程尋寶，旅途中必有各種收穫，即便有時短暫失足，看似一無所獲，更糟糕時或許會失去很多，只要我們勇敢向前，不要被各種原因機絆住初心 (包含愛情)，我們終能完成自己的傳奇尋寶之旅。 最終，若是真愛，即便短暫因為夢想而分離，也一定會有美好結局。道理不難理解，美妙的是，作者以一個牧羊少年奇幻之旅的故事方式闡述以上訊息，值得一讀再讀!,年 本書 永遠 經典 故事 告訴 寶藏 其實 身邊 深 埋藏 心中 時候 沒有 繞 過 一大 圈 很 難 去 發掘 真切 聆聽 內心 聲音 啟程 尋寶 旅途 中 必 各種 收 穫 即便 短暫 失足 看似 一無所獲 糟糕 時 失去 很多 勇敢 向前 不要 各種 原因 機絆 住 初心 包含 愛情 終能 完成 傳奇 尋寶 之 旅 最終 真 愛 即便 短暫 夢想 分離 美好 結局 道理 不 難 理解 美妙 作者 以 牧羊 少年 奇幻 之 旅 故事 方式 闡述 以上 訊息 值得 一 讀 讀,年/m 本書/r 永遠/d 經典/n 故事/n 告訴/v 寶藏/n 其實/d 身邊/s 深/a 埋藏/v 心中/s 時候/n 沒有/v 繞/v 過/ug 一大/a 圈/v 很/d 難/a 去/v 發掘/v 真切/a 聆聽/v 內心/n 聲音/n 啟程/n 尋寶/nr 旅途/n 中/f 必/d 各種/r 收/v 穫/zg 即便/c 短暫/a 失足/v 看似/v 一無所獲/i 糟糕/a 時/ng 失去/v 很多/m 勇敢/a 向前/t 不要/df 各種/r 原因/n 機絆/n 住/v 初心/n 包含/v 愛情/n 終能/v 完成/v 傳奇/n 尋寶/nr 之/u 旅/n 最終/d 真/d 愛/v 即便/c 短暫/a 夢想/n 分離/v 美好/a 結局/n 道理/n 不/d 難/a 理解/v 美妙/a 作者/n 以/p 牧羊/n 少年/m 奇幻/n 之/u 旅/n 故事/n 方式/n 闡述/v 以上/f 訊息/n 值得/v 一/m 讀/v 讀/v
0011032772_1_14,牧羊少年奇幻之旅,5.0,成長的過程中，大家總習慣要你務實，去做你能做到的、放棄追求你想做到的！只是，可曾發現：夢想有代價？不實現夢想也有代價？於是牧羊少年因為一個夢和中間陸續遇到的吉普賽算命師、國王，他決定放棄安安穩穩的當個牧者，隨身只有書本和羊群，去金字塔去尋找寶藏。雖然這是個追夢的故事，最終卻說明了他必需為夢想而有所犧牲，這也是他所必須面對的課題！雖然故事有童話色彩，但是卻也說明了「世界上沒有白吃的午餐」，如少年在旅途中賣掉了僅有的羊群和書本、兩次被人騙去所有錢財、與愛人分離，隻身去追尋寶藏。書中有幾句話是印象深刻的：「當你真心渴望某樣東西時，整個宇宙都會聯合起來幫你完成。」「若你覺得冒險是危險，試試一成不變吧，那才是最致命的！」「當我們迷路時，別害怕。我們要有勇氣去犯錯，因為失望和失敗會指引我們方向。」「我為傷疤感到自豪，它來提醒我，生命有多豐富。」世界是一本書，命運是用來實踐，不是用來跟隨的，不是嗎？,成長 過程 中 大家 總 習慣 你 務實 去 做 你 做到 放棄 追求 你 想做到 可 曾 發現 夢 代價 不 實現 夢想 代價 於 牧羊 少年 夢 中間 陸續 遇到 吉普 賽 算命 師國王 他 決定 放棄 安安 穩穩 當個 牧者 隨身 書本 羊群 去 金字塔 去 尋找 寶藏 個 追夢 故事 最終 說明 他 必需 夢想 有所 犧牲 他 所 面對 課題 故事 有童話 色彩 說明 世界 上 沒有 白吃 午餐 如 少年 旅途 中 賣掉 僅 羊群 書本 兩次 人 騙 去 所有 錢 財 愛人 分 隻 身 去 追 尋 寶 藏 書 中 幾 句 話 印象 深刻 當 你 真心 渴望 某樣 東西 時 整個 宇宙 聯合 起來 幫 你 完成 你 覺得 冒險 危險 試試 一成 不變 才 致命 當 迷路 時別 害怕 勇氣去犯錯 失望 失敗 指引 方向 我 傷疤 感到 自豪 來 提醒 我 生命 豐富 世界 一本 書命 運是 用來 實踐 不是 用來 跟隨 不是,成長/v 過程/n 中/f 大家/n 總/b 習慣/n 你/r 務實/d 去/v 做/v 你/r 做到/v 放棄/v 追求/v 你/r 想做到/v 可/v 曾/d 發現/v 夢/n 代價/n 不/d 實現/v 夢想/n 代價/n 於/nr 牧羊/n 少年/m 夢/n 中間/f 陸續/d 遇到/v 吉普/nr 賽/x 算命/v 師國王/nr 他/r 決定/v 放棄/v 安安/ns 穩穩/a 當個/t 牧者/n 隨身/d 書本/n 羊群/n 去/v 金字塔/nr 去/v 尋找/v 寶藏/n 個/q 追夢/v 故事/n 最終/d 說明/v 他/r 必需/v 夢想/n 有所/n 犧牲/v 他/r 所/u 面對/v 課題/n 故事/n 有童話/l 色彩/n 說明/v 世界/n 上/f 沒有/v 白吃/nr 午餐/n 如/v 少年/m 旅途/n 中/f 賣掉/v 僅/d 羊群/n 書本/n 兩次/m 人/n 騙/v 去/v 所有/b 錢/n 財/n 愛人/n 分/q 隻/zg 身/ng 去/v 追/v 尋/v 寶/v 藏/v 書/n 中/f 幾/m 句/q 話/n 印象/n 深刻/d 當/p 你/r 真心/d 渴望/v 某樣/r 東西/ns 時/ng 整個/b 宇宙/n 聯合/v 起來/v 幫/v 你/r 完成/v 你/r 覺得/v 冒險/n 危險/an 試試/vn 一成/m 不變/v 才/d 致命/v 當/p 迷路/n 時別/n 害怕/v 勇氣去犯錯/i 失望/v 失敗/v 指引/v 方向/n 我/r 傷疤/n 感到/v 自豪/n 來/v 提醒/v 我/r 生命/vn 豐富/a 世界/n 一本/m 書命/n 運是/n 用來/v 實踐/v 不是/c 用來/v 跟隨/v 不是/c
0011032772_1_15,牧羊少年奇幻之旅,3.5,是一本每隔一段時間再次閱讀，都有些不同感受的書。最初看的是純文字版，後期加上插畫的也喜歡，但覺得純文字的似乎更多了一些想像空間......總是在很多時刻，不經意的想起，書中那句很經典的話：「當你真心渴望某樣東西時，整個宇宙都會聯合起來幫助你完成」......,一本 每隔 一段 時間 閱讀 不同 感受 書 最初 看 純 文字版 後 期 加上 插畫 喜歡 但 覺得 純 文字 一些 想像 空間 很多 時刻 不 經意 想起 書 中 句 很 經典 話 當 你 真心 渴望 某樣 東西 時 整個 宇宙 聯合 起來 幫助 你 完成,一本/m 每隔/v 一段/m 時間/n 閱讀/v 不同/a 感受/v 書/n 最初/t 看/v 純/a 文字版/n 後/nr 期/q 加上/v 插畫/n 喜歡/v 但/c 覺得/v 純/a 文字/n 一些/m 想像/v 空間/n 很多/m 時刻/n 不/d 經意/v 想起/v 書/n 中/f 句/q 很/d 經典/n 話/n 當/p 你/r 真心/d 渴望/v 某樣/r 東西/ns 時/ng 整個/b 宇宙/n 聯合/v 起來/v 幫助/v 你/r 完成/v
0011032772_1_16,牧羊少年奇幻之旅,5.0,牧羊少年奇幻之旅A+好多好多年前就讀了這本書，它給了我很多生命的力量，很多次的機會，我也都以此書贈人。一次在書局中，圖文繪本型態的它，又再次對我呼召。讓我有了再一次認真好好讀它一次的機會。人生走著走著，一路上會用很多的預兆，但是又有多少人，有勇氣傾聽預兆的聲音，並且跟著預兆一直向前，找尋著屬於自己的天命。每個人都有著屬於自己獨一無二的寶藏在等著自己，上天用它特有的方式，不斷的再告訴你給你暗示，這個過程的重點，其實在認真且誠實的傾聽自己內心的聲音。什麼聲音呢？就是內心真切的『渴望』，那份渴望是一份牽動自己不斷向前的深層動力。書中好美好美的一句話，給了我多年的動力『當你真心渴望一件事，全世界都會聯合起來幫助你。』我用這句話鼓勵了自己，也鼓勵了身邊很多的朋友。當全世界都聯合起來幫助自己時，一路上又何需感到孤單與無助呢？如此強大的力量正以不同的型態在成就著自己，幫助自己知道原來自己就有的能力。愛不會讓一個人遠離天命，這句話很適合解讀伴侶、親子或是任何的關係。一份真正的『愛』是一份成全，是一份支持。讓你沒有煩惱沒有壓力的勇敢向前，追尋著自己生命中的寶藏。祝福、陪伴、尊重是我們可以在任何關係中的付出型態。生命對於那些勇於實現天命的人總是慷慨的。我們常看到的是，追逐天命那群人的光芒與成就，正因為他們的勇敢，吸引著更多更多的宇宙力量。發現屬於自己的天命，人生的寶藏其實正以不同型態在不同的地方等著自己。你有辦法把自己變成風嗎？作者用這一段的譬喻故事，讓我們理解，其實我們與生就俱有這樣的本事與能力。回到生命的本質，我們任何一個人都有能力去挖掘。Action：勇敢的一步步走向預兆給予的天命寶藏#推薦書單#閱讀#閱讀心得#好書#讀書#書評#閱讀筆記#牧羊少年奇幻之旅#時報出版#missdragon#dragonmiss,牧羊 少年 奇幻 之 旅 好多好多 年前 讀 本書 我 很多 生命 力量 很 多次 機會 我 以此 書 贈 人 一次 書局 中 圖文 繪本 型態 我 呼召 我 一次 認真 好好 讀 一次 機會 人生 走著 走著 一路上 會用 很多 預兆 人 勇氣 傾聽 預兆 聲音 跟著 預兆 向前 找 尋著 屬 於 天命 每個 人 屬 於 獨一無二 寶藏 等著 上天 用 特有 方式 告訴 你 你 暗示 過程 重點 其實 認真 且 誠實 傾聽 內心 聲音 聲音 內心 真切 渴望 份 渴望 一份 牽動 向前 深層動 力書 中 美好 美的 一句 話 我 多年 動力 當 你 真心 渴望 一件 事 全世界 聯合 起來 幫助 你 我 用 句 話 鼓勵 鼓勵 身邊 很多 朋友 當 全世界 聯合 起來 幫助 時 一路上 何需 感到 孤單 無助 如此 強大 力量 正 以 不同 型態 成就 幫助 知道 能力 愛 不 人 遠 天命 句 話 很 適合 解讀 伴侶 親子 或是 任何 關 係 一份 真正 愛 一份 成全 一份 支持 你 沒有 煩惱 沒有 壓力 勇敢 向前 追 尋著 生命 中 寶藏 祝福 陪伴 尊重 任何 關 係 中 付出 型態 生命 於 勇 於 實現 天命 人 總 慷慨 常看到 追逐 天命 那群人 光芒 成就 正 勇敢 吸引 更多 宇宙 力量 發現 屬 於 天命 人生 寶藏 其 實正 以 不同 型態 不同 地方 等著 你 辦法 變成 風 作者 用 一段 譬喻 故事 理解 其實 生就 俱 本事 能力 回到 生命 本質 任何 人 能力 去 挖掘 Action 勇敢 走向 預兆 給予 天命 寶藏 推薦 書單 閱讀 閱讀 心得 書 讀書 書評 閱讀 筆記 牧羊 少年 奇幻 之 旅 時 報 出版 missdragondragonmiss,牧羊/n 少年/m 奇幻/n 之/u 旅/n 好多好多/m 年前/t 讀/v 本書/r 我/r 很多/m 生命/vn 力量/n 很/zg 多次/m 機會/n 我/r 以此/c 書/n 贈/v 人/n 一次/m 書局/n 中/f 圖文/n 繪本/n 型態/n 我/r 呼召/v 我/r 一次/m 認真/ad 好好/d 讀/v 一次/m 機會/n 人生/n 走著/v 走著/v 一路上/l 會用/n 很多/m 預兆/n 人/n 勇氣/n 傾聽/v 預兆/n 聲音/n 跟著/v 預兆/n 向前/t 找/v 尋著/v 屬/v 於/nr 天命/nz 每個/r 人/n 屬/v 於/nr 獨一無二/i 寶藏/n 等著/v 上天/t 用/p 特有/b 方式/n 告訴/v 你/r 你/r 暗示/v 過程/n 重點/n 其實/d 認真/ad 且/c 誠實/a 傾聽/v 內心/n 聲音/n 聲音/n 內心/n 真切/a 渴望/v 份/q 渴望/v 一份/m 牽動/vn 向前/t 深層動/b 力書/n 中/f 美好/a 美的/nr 一句/m 話/n 我/r 多年/m 動力/n 當/p 你/r 真心/d 渴望/v 一件/m 事/n 全世界/n 聯合/v 起來/v 幫助/v 你/r 我/r 用/p 句/q 話/n 鼓勵/v 鼓勵/v 身邊/s 很多/m 朋友/n 當/zg 全世界/n 聯合/v 起來/v 幫助/v 時/zg 一路上/l 何需/n 感到/v 孤單/a 無助/v 如此/c 強大/a 力量/n 正/d 以/p 不同/a 型態/n 成就/n 幫助/v 知道/v 能力/n 愛/v 不/d 人/n 遠/a 天命/nz 句/q 話/n 很/d 適合/v 解讀/v 伴侶/n 親子/n 或是/c 任何/r 關/v 係/zg 一份/m 真正/d 愛/v 一份/m 成全/v 一份/m 支持/v 你/r 沒有/v 煩惱/a 沒有/v 壓力/n 勇敢/a 向前/t 追/v 尋著/v 生命/vn 中/f 寶藏/n 祝福/nr 陪伴/n 尊重/a 任何/r 關/v 係/zg 中/f 付出/v 型態/n 生命/vn 於/nr 勇/n 於/nr 實現/v 天命/nz 人/n 總/b 慷慨/a 常看到/l 追逐/v 天命/nz 那群人/nr 光芒/n 成就/n 正/d 勇敢/a 吸引/v 更多/d 宇宙/n 力量/n 發現/v 屬/v 於/nr 天命/nz 人生/n 寶藏/n 其/r 實正/d 以/p 不同/a 型態/n 不同/a 地方/n 等著/v 你/r 辦法/n 變成/v 風/n 作者/n 用/p 一段/m 譬喻/v 故事/n 理解/v 其實/d 生就/n 俱/dg 本事/r 能力/n 回到/v 生命/vn 本質/n 任何/r 人/n 能力/n 去/v 挖掘/v Action/eng 勇敢/a 走向/v 預兆/n 給予/v 天命/nz 寶藏/nr 推薦/v 書單/n 閱讀/v 閱讀/v 心得/v 書/n 讀書/n 書評/n 閱讀/v 筆記/n 牧羊/n 少年/m 奇幻/n 之/u 旅/n 時/ng 報/n 出版/v missdragondragonmiss/eng
0011032772_1_17,牧羊少年奇幻之旅,5.0,「當你真心渴望某樣東西時，整個宇宙都會聯合起來幫助你完成。」這個是我在參加某一個生涯探索課時聽到的一個魔法般的句子。我不斷的思考，宇宙怎麼會知道我的渴望？連我都不清晰我的渴望？什麼叫真心？世界上大部分的人都沒有得到他們想要的東西，難道他們不夠渴望嗎？我在做職涯諮詢時，常常會有人問我，他適合做的工作是什麼？我往往會反問他，你的夢想是什麼？他就會回說，我也不知道，我的家人希望我只要賺到很多錢，不要像他們一樣過苦日子就可以了。這就像麵包師傅一樣，他在這個位置上是因為別人怎麼想比自己的天命重要。還有另外的水晶店的老闆，每天辛勤的工作，想要存錢去麥加朝聖，但是當他發現比他的窮的人能夠完成朝聖的夢想，他卻發現自己寧可繼續抱持著這樣的夢想活著，而不願意出發。因為他很害怕一旦完成了夢想，他將不再有活下去的理由。有人期待完成夢想，但有人只想要懷抱夢想。看完這本書後發現，能不能完成夢想，看你有多相信自己的天命，或許你有，但你選擇放下：或許你有，你選擇前進。這本書都可以找到你對應的角色。我相信每隔一段時間來看都會有不同的體悟。牧羊人追尋到天命後，真的過著幸福快樂的日子嗎？我不確定，但是可以確定的是，他在過程中找到跟寶藏一樣珍貴的東西，比方說如何擴張一個生意，比方說真愛，又比方說將自己變成沙的能力。,當 你 真心 渴望 某樣 東西 時 整個 宇宙 聯合 起來 幫助 你 完成 我 參加 某 生涯 探索 課時 聽到 魔法 般的 句子 我 思考 宇宙 知道 我 渴望 我 不 清晰 我 渴望 真心 世界 上 大部分 人 沒有 得到 想要 東西 難道 不夠 渴望 我 做 職涯 諮詢 時 有人 問 我他 適合 做 工作 我 反問 他 你 夢 他 回 說 我 不 知道 我 家人 希望 我 賺到 很多 錢 不要 像 過 苦日子 像 麵 包 師 傅 一 樣 他 個 位置 上 別人 天命 重要 水晶 店 闆 每天 辛勤 工作 想要 存錢 去 麥加朝 聖 當 他 發現 他 窮 人 能夠 完成 朝聖 夢 他 發現 寧 可 繼續 抱持 夢想 活著 不 願意 出發 他 很 害怕 完成 夢 他 不再 活下去 理由 有人 期待 完成 夢想 但 有人 只 想要 懷抱夢 看 完 本書 後 發現 不能 完成 夢 看 你 相信 天命 你 但 你 選擇 放下 你 你 選擇 前 進 本書 找到 你 對應 角色 我 相信 每隔 一段 時間 來看 不同 體悟 牧羊人 追 尋到 天命 後 真的 過著 幸福 快樂 日子 我 不 確定 確定 他 過程 中 找到 寶藏 珍貴 東西 比方 說 擴張 生意 比方 說 真 愛 比方 說 變 成沙 能力,當/p 你/r 真心/d 渴望/v 某樣/r 東西/ns 時/ng 整個/b 宇宙/n 聯合/v 起來/v 幫助/v 你/r 完成/v 我/r 參加/v 某/r 生涯/n 探索/v 課時/t 聽到/v 魔法/n 般的/u 句子/n 我/r 思考/v 宇宙/n 知道/v 我/r 渴望/v 我/r 不/d 清晰/a 我/r 渴望/v 真心/d 世界/n 上/f 大部分/m 人/n 沒有/v 得到/v 想要/v 東西/ns 難道/v 不夠/v 渴望/v 我/r 做/v 職涯/n 諮詢/vn 時/n 有人/r 問/v 我他/r 適合/v 做/v 工作/vn 我/r 反問/v 他/r 你/r 夢/n 他/r 回/v 說/v 我/r 不/d 知道/v 我/r 家人/n 希望/v 我/r 賺到/v 很多/m 錢/x 不要/df 像/v 過/t 苦日子/n 像/v 麵/zg 包/v 師/ng 傅/nr 一/m 樣/u 他/r 個/q 位置/v 上/f 別人/r 天命/nz 重要/a 水晶/n 店/n 闆/zg 每天/r 辛勤/nr 工作/vn 想要/v 存錢/v 去/v 麥加朝/nr 聖/j 當/p 他/r 發現/v 他/r 窮/a 人/n 能夠/v 完成/v 朝聖/ns 夢/n 他/r 發現/v 寧/j 可/v 繼續/v 抱持/v 夢想/n 活著/v 不/d 願意/v 出發/v 他/r 很/d 害怕/v 完成/v 夢/n 他/r 不再/d 活下去/l 理由/n 有人/r 期待/v 完成/v 夢想/n 但/c 有人/r 只/d 想要/v 懷抱夢/nr 看/v 完/v 本書/r 後/nr 發現/v 不能/v 完成/v 夢/n 看/v 你/r 相信/v 天命/nz 你/r 但/c 你/r 選擇/v 放下/v 你/r 你/r 選擇/v 前/f 進/v 本書/r 找到/v 你/r 對應/v 角色/n 我/r 相信/v 每隔/v 一段/m 時間/n 來看/u 不同/a 體悟/n 牧羊人/nr 追/v 尋到/v 天命/nz 後/nr 真的/d 過著/v 幸福/a 快樂/a 日子/n 我/r 不/d 確定/v 確定/v 他/r 過程/n 中/f 找到/v 寶藏/n 珍貴/a 東西/ns 比方/n 說/zg 擴張/v 生意/v 比方/n 說/v 真/d 愛/v 比方/n 說/v 變/zg 成沙/ns 能力/n
0011032772_1_18,牧羊少年奇幻之旅,4.5,第一次閱讀時，被故事的情節吸引，後來在很多迷惘的時刻，打開書來閱讀，都能從中得到人生方向的指引。非常推薦各個年齡層都能閱讀的好書,第一次 閱讀 時 故事 情節 吸引 後 來 很多 迷惘 時刻 打開 書 來 閱讀 中 得到 人生 方向 指引 非常 推薦 各個 年齡層 閱讀 書,第一次/m 閱讀/v 時/ng 故事/n 情節/n 吸引/v 後/nr 來/v 很多/m 迷惘/a 時刻/n 打開/v 書/n 來/v 閱讀/v 中/ns 得到/v 人生/n 方向/n 指引/v 非常/d 推薦/v 各個/r 年齡層/n 閱讀/v 書/n
0011032772_1_19,牧羊少年奇幻之旅,5.0,真心推薦這本故事書給所有正在迷茫、不知道自己為何去追尋，迷茫、焦慮不安的，或者還未擁有夢想的人。很喜歡一句話：因為那些水晶髒了，而你我都需要把腦海中不好的想法去除掉。心情低落時看有種被救贖的感覺。,真心 推薦 本 故事 書 所有 正在 迷茫 不 知道 去 追尋 迷茫 焦慮 不安 未 擁有 夢想 人 很 喜歡 一句 話 水晶 髒 你 我 需要 腦 海中 不好 想法 去 除掉 心情 低落 時 看 有種 救 贖 感覺,真心/d 推薦/v 本/r 故事/n 書/n 所有/b 正在/t 迷茫/z 不/d 知道/v 去/v 追尋/v 迷茫/z 焦慮/a 不安/a 未/d 擁有/v 夢想/n 人/n 很/d 喜歡/v 一句/m 話/n 水晶/n 髒/y 你/r 我/r 需要/v 腦/n 海中/s 不好/d 想法/v 去/v 除掉/v 心情/n 低落/v 時/ng 看/v 有種/r 救/v 贖/v 感覺/n
0011032772_2_0,牧羊少年奇幻之旅,5.0,你願意為了夢想放棄一切東西，奮不顧身去追求嗎？這時我們可以有兩種選擇，一種是維持現狀，不做任何改變；一種是追尋夢想，不論成功與否。男孩選擇了第二種。男 孩一開始無法下定決心去追尋夢想，是國王給了他勇氣，這是第一部的開始。當男孩碰到水晶商人時，他有了第二次選擇的機會，這時他能夠回到過去牧羊人的生 活，但是他仍然選擇朝夢想前進，開始了牧羊少年的第二部。或許我們在一生當中會遇見像水晶商人一樣，把夢想當成支持他活著的念頭，因為害怕一但完 成了夢想，他將不再有活下去的理由；也可能我們會遇到如同男孩這樣，不放棄追求夢想的人，即使這個夢想會讓你一無所有，還是要堅持下去。當 男孩說想要去看金字塔時，水晶商人跟他說：「我認識的人裡面，沒有人會越過整個沙漠只為了要去看金字塔。」甚至等到男孩見到金字塔後，有一群人的老大告訴 他：「我才不會笨到橫越整個沙漠，只為了一個重覆做過的夢。」讀到書中這些人向男孩說的話，讓我想到九把刀這樣的句子：「說出來會被嘲笑的夢想，才有實踐 的價值！」夢想對於男孩而言是件重要的事，可是在其他人眼裡只不過是天方夜譚，是難以實現的夢想，或者根本不會去實行；不過男孩依然沒有放棄，最後終於親 眼見到他朝思暮想的金字塔。縱使男孩並沒有在金字塔找到寶藏，但是他在旅行中得到比寶藏更珍貴的東西，就是在這趟旅程當中遇到的人事物，還有直到最終他都沒有放棄，堅持下去的信念，這是別人奪不走的寶貴資產。,你 願 意為 夢 放棄 一切 東西 奮不顧身去 追求 這時 兩種 選擇 一種 維持 現狀 不 做 任何 改變 一種 追尋夢想 不論 成功 否 男孩 選擇 種 男孩 一 開始 無法 下定 決心 去 追 尋 夢 國王 他 勇氣 第一部 開始 當 男孩 碰到 水晶 商人 時 他 第二次 選擇 機會 這時 他 能夠 回到 過去 牧羊人 生活 他 仍然 選擇 朝 夢想 前 進 開始 牧羊 少年 第二部 一生 當 中會 遇見 像 水晶 商人 夢 當成 支持 他 活著 念頭 害怕 一 但 完成 夢 他 不再 活下去 理由 遇到 男孩 不 放棄 追求 夢想 人 夢 你 所有 堅持 下去 當 男孩 說 想要 去 看 金字塔 時 水晶 商人 他 說 我 認識 人 裡面 沒 有人 過 整個 沙漠 只為 去 看 金字塔 等到 男孩 見到 金字塔 後 一群 人 老大 告訴 他 我 才 不 笨 橫越 整個 沙漠 只為 重覆 做 過 夢 讀 書 中 人向 男孩 說 話 我 想到 九把刀 句子 說 出來 嘲笑 夢想 才 實踐 價值 夢 於 男孩 而言 件 重要 事 其他人 眼裡 只 不 過 天方夜 譚 難以 實現 夢 根本 不 去 實行 男孩 依然 沒有 放棄 後 終於 親眼 見到 他 朝思暮想 金字塔 男孩 並 沒有 金字塔 找到 寶藏 他 旅行 中 得到 比寶藏 珍貴 東西 趟 旅程 當中 遇到 人 事物 直到 最終 他 沒有 放棄 堅持 下去 信念 別人 奪 不 走 寶貴 資產,你/r 願/v 意為/v 夢/n 放棄/v 一切/r 東西/ns 奮不顧身去/i 追求/v 這時/r 兩種/m 選擇/v 一種/m 維持/v 現狀/n 不/d 做/v 任何/r 改變/v 一種/m 追尋夢想/i 不論/c 成功/a 否/v 男孩/n 選擇/v 種/x 男孩/n 一/m 開始/v 無法/v 下定/v 決心/n 去/v 追/v 尋/v 夢/n 國王/n 他/r 勇氣/n 第一部/m 開始/v 當/t 男孩/n 碰到/v 水晶/n 商人/n 時/ng 他/r 第二次/m 選擇/v 機會/n 這時/r 他/r 能夠/v 回到/v 過去/t 牧羊人/nr 生活/vn 他/r 仍然/d 選擇/v 朝/p 夢想/n 前/f 進/v 開始/v 牧羊/n 少年/m 第二部/m 一生/m 當/p 中會/j 遇見/v 像/v 水晶/n 商人/n 夢/n 當成/v 支持/v 他/r 活著/v 念頭/n 害怕/v 一/m 但/c 完成/v 夢/n 他/r 不再/d 活下去/l 理由/n 遇到/v 男孩/n 不/d 放棄/v 追求/v 夢想/n 人/n 夢/n 你/r 所有/b 堅持/v 下去/t 當/zg 男孩/n 說/zg 想要/v 去/v 看/v 金字塔/nr 時/zg 水晶/n 商人/n 他/r 說/v 我/r 認識/v 人/n 裡面/f 沒/v 有人/r 過/ug 整個/m 沙漠/n 只為/v 去/v 看/v 金字塔/nr 等到/v 男孩/n 見到/v 金字塔/nr 後/nr 一群/m 人/n 老大/a 告訴/v 他/r 我/r 才/d 不/d 笨/a 橫越/v 整個/b 沙漠/n 只為/v 重覆/v 做/v 過/ug 夢/n 讀/v 書/n 中/f 人向/n 男孩/n 說/v 話/n 我/r 想到/v 九把刀/m 句子/n 說/v 出來/v 嘲笑/v 夢想/n 才/d 實踐/v 價值/n 夢/n 於/nr 男孩/n 而言/c 件/q 重要/a 事/n 其他人/rr 眼裡/s 只/d 不/d 過/ug 天方夜/l 譚/nr 難以/d 實現/v 夢/n 根本/a 不/d 去/v 實行/v 男孩/n 依然/d 沒有/v 放棄/v 後/nr 終於/nr 親眼/d 見到/v 他/r 朝思暮想/i 金字塔/nr 男孩/n 並/c 沒有/v 金字塔/nr 找到/v 寶藏/nr 他/r 旅行/vn 中/f 得到/v 比寶藏/nr 珍貴/a 東西/ns 趟/q 旅程/n 當中/s 遇到/v 人/n 事物/n 直到/v 最終/d 他/r 沒有/v 放棄/v 堅持/v 下去/t 信念/n 別人/r 奪/v 不/d 走/v 寶貴/a 資產/n
0011032772_2_1,牧羊少年奇幻之旅,5.0,一本有關自我追尋的經典之作，讀者可以跟著故事主人翁一起經歷一場尋找自我的奇幻旅程，但這旅程並非事事順心，會碰到有關欺騙、分離、失去等等難題，但這些難題的度過才更朝向旅程的目的地:那個關乎於真正的自己在哪裡。,一本 有關 自我 追尋 經典 之 作讀 者 跟著 故事 主人翁 一起 經歷 一場 尋找 自我 奇幻 旅程 但 旅程 並非 事事 順心 碰到 有關 欺騙 分離 失去 等等 難題 但 難題 度 過才 朝向 旅程 目的地 關乎 於 真正 哪裡,一本/m 有關/vn 自我/r 追尋/v 經典/n 之/u 作讀/v 者/k 跟著/v 故事/n 主人翁/n 一起/m 經歷/n 一場/m 尋找/v 自我/r 奇幻/n 旅程/n 但/c 旅程/n 並非/c 事事/n 順心/ad 碰到/v 有關/vn 欺騙/v 分離/v 失去/v 等等/u 難題/n 但/c 難題/n 度/q 過才/t 朝向/n 旅程/n 目的地/n 關乎/v 於/nr 真正/d 哪裡/r
0011032772_2_2,牧羊少年奇幻之旅,5.0,《牧羊少年奇幻之旅 O Alquimista》20210621本書被法國文壇喻為足以和《小王子》一書並駕齊驅，我認為本質更像基督、天主、回教版本的《流浪者之歌》，也融合了一些佛教「悉達多」的悟證。作者保羅．科爾賀（Paulo Coelho）年輕時住精神病院時，因女友送他《流浪者之歌》，看完後感受深深被理解因此病情好轉，或許是本書的誕生的「緣起」。這本在2008年買的書，當初只想知道如何得到寶藏，光羨慕主角得到「天地之心」的秘密，一大筆財寶和一見鍾情命中註定的伴侶，其實可貴的是那勇於放下已有的成就和勇於提起夢想的精采歷程。我像書中有些眼裡只有金子的煉金術師，忽略了最重要的價值在於「提煉純粹」物質的過程，連帶淨化了心靈和四周環境。我更像只會讀死書的英國人，想從書本獲取煉金術的捷徑，崇拜複雜的戲論，鄙棄簡單真實的道理，例如因果、行善、孝順，所幸遇到已有成就的老師(真正的煉金術師)，一眼看出英國人所欠缺的，就是「覺察」實際的生活和環境那非語言文字能闡明的智慧，「去做」才是最積極的行動，做了才知了解多少，才能修正行為想法，獲得煉金術的哲人石和長生露。書中曾說幸福生活的秘訣在於「拿好手中的那一匙油，也要欣賞途中的美麗風景」；身為讀者，那一匙油代表，用「功利的心」想知道主角獲得寶藏的秘訣，但也要以「欣賞的心」將自己帶入，如同主角一樣從西班牙到非洲到埃及冒險，現在還用Google地圖查看出現的地標街景，想像自己待在這些地方的感受；我們一同體驗走過這些城市的冷漠、沙漠的遼闊、遇過的好人壞人，當遭遇困難的痛苦，勇敢解決困難後的快樂，用這種方式閱讀，帶來更深刻的樂趣，這種「想像力」也是「天地之心」。人生旅途上，那一匙油代表生存或是夢想，但隨著時間空間的推移變化，一定會遇到種種人事物，欣賞它、享受它吧!人總是喜歡「擁有夢想」，更勝於去「實現夢想」。因為實現夢想代表要改變目前習慣的生活，還有面對未知的恐懼，但唯有勇敢去做的人，才能體悟到未曾見過美麗豐富的境遇，和「問心無愧」的快活。現在看來，主角是個很勇敢且願意向環境學習的人。為了「旅行」放棄當神職人員，從事逐水草而居的牧羊人工作，又為了「夢中的寶藏」去詢問解夢者，賣掉所有的羊群，去金字塔找尋他的寶藏。再放下命中注定的伴侶，在啟程越過戰亂的沙漠尋找寶藏。一再放下原有的成果，一再提起更高的目標，真勇者。書中也提醒不要承諾給別人你還沒得到的東西，會阻礙你踏出去，應該先努力於目前能做的事和付出代價，這樣才更有動力和決心去完成你的目標。書中我覺得這一段是最重要的奇蹟，「轉換想法」的能力，可以讓自己繼續向目標前進。就是當主角冒險賣掉所有羊追夢，剛到陌生的非洲卻被第一個主動搭話的陌生人騙走所有的錢，他正處於一個抉擇點上，把自己當作一個「小偷的受害者」，或者把自己視為一位「探險家」，正探尋著他的寶藏。主角決定這樣想「我是個探險家，我正要去尋找我的寶藏」，這也是「天地之心」的力量，我們的感受來自「想法」，能夠自由自在的解讀事物，便能「自己做主」。其中能成功「轉換想法」關鍵在於，主角聽過許多冒險家克服更困難的情況，且他還見過一位有神力的老國王，且相信他的祝福仍在，這是「信仰的力量」。轉換了看法，心裡的感受完全不同，現代心理學發現，「緊張」其實跟「興奮」的生理反應是一樣的，我們可以刻意認為這是興奮，就更能接受自己，繼續向前。主角也把觀察羊群需求和行為的能力，使用在觀察陌生的環境和陌生人的需求上。主動幫助糖果店老闆開店而獲得食物；幫助水晶店老闆擦拭水晶球，而獲得食物和一份得以重新出發的工作。「用心觀察」的能力正是《小王子》書中所說：重要的東西唯有用「心」看，才能看的見，光憑眼睛是看不到的。主角不斷應用人類都有的「覺照、觀察的能力」，也用來聽自己「心的想法」，發現它是變化無常，生住異滅的，但這「能觀察的心」的本質是純粹的，藉由這樣的訓練，一步步的貼近「天地之心」。因為作者也是赫賽《流浪者之歌》的書迷，所以書中有許多「禪」的觀念，如放下過去，不幻想未來，專注於當下；唯有專注於當下，才能改善現況，就會改變未來；踏實於現在，就是和過去未來同在。吃飯就好好吃飯，走路就專心走路，睡覺就只管睡覺，因為沙漠會把漫不經心的人毀掉，所以要專注於正在做的事上，如同武士對戰時，專注於自己和敵人的一舉一動，才更有機會獲勝。我認為煉金術師的「哲人石」可以點石成金，代表是因為了解其事物所需的「因緣條件」，就能轉化生成各種現象；「長生露」可以長生不老，代表專注「活在當下」，就是真正的永恆。書中認為這一切都是由「上帝」同一隻手所寫成的，但也說「人人」皆有能力創造這一切。這融合佛教中的「如來藏、真心」，能生萬法，一切因緣所生，「只要條件具備必定發生」的性質，也是書中所說的「天地之心」。更進一步說人、動物、樹木、石頭、宇宙都為一，更像佛說的「平等心、無差別心」；「無我相、無人相、無眾生相、無壽者相」；凡所有相皆是虛妄，若見諸相非相，則見「如來」。依愛因斯坦「質能互換」的發現，解釋了一切物質、想法，本質都是「能量」，無形無相，我們感官所見之相是「夢境、幻覺、水泡、殘影、露水、閃電」。關於「愛」，主角遇到法蒂瑪一見鍾情，這沙漠的女人說，因為你愛我，從此我便屬於你的一部分，我會等你追尋到寶藏後，從沙漠外面回來，我會滿心期望著。如同《小王子》書中狐狸說的「馴服」就是建立關係，包含了陪伴、付出、聊天，一旦花過時間和精力，從此狐狸便是獨一無二的，跟其他的千千萬萬的狐狸不再一樣。用心、用愛照顧灌溉，就能賦予事物獨特意義，「真愛」是真心無我的祝福付出，希望他一切都好，而不是互相綑綁，佔有。只要有愛便跟宇宙有了聯繫，當用「善良純粹的真心」全神追求一樣東西時，是最接近「天地之心」的時候，「整個宇宙」將會幫助你得到它。,牧羊 少年 奇幻 之 旅 OAlquimista20210621 本書 法國 文壇 喻為 足以 小王子 一 書 並 駕 齊 驅 我 認為 本質 像 基督 天主 回教 版本 流浪者 之 歌 融合 一些 佛教 悉達多 悟 證 作者 保羅科爾 賀 PauloCoelho 年 輕 時 住 精神病院 時因 女友 送 他 流浪者 之 歌 看 完 後 感受 深深 理解 病情 轉 本書 誕生 緣 起 本在 2008 年 買 書 當初 只 知道 得到 寶藏光 羨慕 主角 得到 天地 之 心 秘密 一大 筆 財寶 一 見 鍾 情 命中 註定的伴侶 其 實 可 貴 勇 於 放下 已有 成就 和勇 於 提起 夢想 精采 歷程 我 像 書 中 眼裡 金子 煉金術 師 忽略 重要 價值 於 提煉 純粹 物質 過程 帶 淨化 心靈 四周 環境 我 像 只 讀 死 書 英國 人 書本 獲 取煉 金術 捷徑 崇拜 複 雜 戲 論 鄙 棄 簡 單 真 實 道理 因果 行善 孝順 所幸 遇到 已有 成就 老師 真正 煉金術 師 一眼 看出 英國 人 所 欠缺 覺察 實際 生活 環境 非 語言 文字 闡明 智慧 去 做 才 積極 行動 做 才 知 了解 才能 修正 行為 想法 獲得煉 金術 哲人 石和長 生露 書 中曾 說 幸福生活 秘訣 於 拿 手中 一匙 油 欣賞 途中 美麗 風景 身為 讀者 一匙 油 代表 用 功利 心想 知道 主角 獲得 寶藏 秘訣 但 以 欣賞 心 帶入 主角 西班牙 非洲 埃及 冒險 現在 用 Google 地圖 查看 出現 地標 街景 想像 待 地方 感受 一同 體驗 走 過 城市 冷漠 沙漠 遼闊 遇過 好人 壞 人 當 遭遇 困難 痛苦 勇敢 解決 困難 後 快樂 用 這種 方式 閱讀 帶來 深刻 樂趣 這種 想像力 天地 之 心 人生旅途 上 一匙 油 代表 生存 或是 夢想 但 隨著 時間 空間 推移 變化 遇到 種種 人 事物 欣賞 享受 人 喜歡 擁有 夢想 勝 於 去 實現 夢想 實現 夢 代表 改變 目前 習慣 生活 面 未知 恐懼 但 唯有 勇敢 去 做 人才 能體 悟 未曾 見 過 美麗 豐富 境遇 問 心無愧 快活 現在 看來 主角 個 很 勇敢 且 願 意向 環境 學習 人 旅行 放棄 當 神職 人員 事 逐 水草 居 牧羊人 工作 夢 中 寶藏 去詢 問解 夢者 賣掉 所有 羊群 去 金字塔 找 尋 他 寶藏 放下 命中注定 伴侶 啟程 過 戰亂 沙漠 尋找 寶藏 放下 原有 成果 提起 高 目標 真 勇者 書 中 提醒 不要 承諾 別人 你 沒 得到 東西會 阻礙 你 踏出去 應該 先 努力 於 目前 做 事 付出 代價 才 動力 決心 去 完成 你 目標 書 中 我 覺得 一段 重要 奇 蹟 轉 換 想法 能力 繼續 目標 前 進 當 主角 冒險 賣掉 所有 羊 追 夢 剛 陌生 非洲 個 主動 搭話 陌生人 騙 走 所有 錢 他 正 處 於 抉擇 點 上 當作 小偷 受害者 視為 一位 探險家 正 探 尋著 他 寶藏 主角 決定 我 個 探險家 我 正要 去 尋找 我 寶藏 天地 之 心 力量 感受 來 自 想法 能夠 自由自在 解讀 事物 便 做主 其中 成功 轉換 想法 關鍵 於 主角 聽 過 許多 冒險家 克服 困難 情況 且 他 見 過 一位 神力 老國王 且 相信 他 祝福 仍 信仰 力量 轉換 看法 心裡 感受 完全 不同 現代 心理 學 發現 緊張 其實 興奮 生理 反應 認為 興奮 接受 繼續 向前 主角 觀察 羊群 需求 行為 能力 使用 觀察 陌生 環境 陌生人 需求 上 主動 幫助 糖果店 闆 開 店 獲 得 食物 幫助 水晶 店 闆 擦拭 水晶球 獲得 食物 一份 得以 重新 出發 工作 用心 觀察 能力 小王子 書 中 所 說 重要 東西 唯有 用心看 才能 看 見光 憑 眼睛 看不到 主角 應 用人 類 覺照 觀察 能力 用來 聽 心 想法 發現 變化 無常 生住 異滅 但 觀察 心 本質 純粹 藉由 訓練 貼近 天地 之 心 作者 赫賽 流浪者 之 歌 書迷 書 中 許多 禪 觀念 如 放下 過去 不 幻想 未來 專注 於 當下 唯有 專注 於 當下 才能 改善 現況 改變 未來 踏實 於 現在 過去 未來 同在 吃 飯 好吃 飯 走路 專心 走路 睡覺 只管 睡覺 沙漠 漫不經心 人 毀掉 專注 於 正在 做 事 上 武士 戰時 專注 於 敵人 一舉 一動 才 機會 獲勝 我 認為 煉金術師 哲人 石 點 石 成金 代表 了解 其 事物 所需 因緣 條件 轉 化生成 各種 現象長 生露 長生 不 代表 專 注活 當下 真正 永恆 書 中 認為 一切都是 由 上帝 同一 隻 手 所 寫 成 但 說 人人 皆 能力 創造 一切 融合 佛教 中 如來 藏 真心 能生 萬法 一切 因緣 所生 條件 具備 必定 發生 性質 書 中 所 說 天地 之 心 進 一步 說 人動物 樹 木石 頭 宇宙 一 像 佛 說 平等 心無差別心無我相無人相無眾生相無壽 者 相凡 所有 相 皆 虛妄若見 諸 相 非相 則 見 如來 依愛 因斯 坦質 互換 發現 解釋 一切 物質 想法 本質 能量 無形無相 感官 所見 之 相 夢境 幻覺 水泡 殘影 露水 閃電關 於愛 主角 遇到 法蒂瑪 一 見 鍾 情 沙漠 女人 說 你 愛 我 從此 我 便 屬 於 你 一部分 我 等 你 追 尋到 寶藏 後 沙漠 外面 回來 我 滿心 期望 小王子 書 中 狐狸 說 馴服 建立 關 係 包含 陪伴 付出 聊天 花 過 時間 精力 從此 狐狸 便是 獨一無二 其他 千千 狐狸 不再 用心 用愛 照顧 灌溉 賦予 事物 獨 義 真 愛 真心 無 我 祝福 付出 希望 他 一切 不是 互相 綑 綁 佔 愛 便 宇宙 聯 繫 當 用 善良 純粹 真心 全神 追求 東西 時 接近 天地 之 心 時候 整個 宇宙 幫助 你 得到,牧羊/n 少年/m 奇幻/n 之/u 旅/n OAlquimista20210621/eng 本書/r 法國/ns 文壇/n 喻為/v 足以/v 小王子/nr 一/m 書/n 並/c 駕/v 齊/a 驅/vg 我/r 認為/v 本質/n 像/v 基督/n 天主/n 回教/nz 版本/n 流浪者/n 之/u 歌/n 融合/vn 一些/m 佛教/nz 悉達多/l 悟/v 證/n 作者/n 保羅科爾/nrt 賀/nr PauloCoelho/eng 年/m 輕/a 時/ng 住/v 精神病院/n 時因/n 女友/n 送/v 他/r 流浪者/n 之/u 歌/n 看/v 完/v 後/nr 感受/v 深深/b 理解/v 病情/n 轉/v 本書/r 誕生/v 緣/n 起/v 本在/t 2008/m 年/m 買/v 書/n 當初/t 只/d 知道/v 得到/v 寶藏光/nr 羨慕/v 主角/n 得到/v 天地/n 之/u 心/n 秘密/n 一大/a 筆/q 財寶/n 一/m 見/v 鍾/nr 情/n 命中/v 註定的伴侶/n 其/r 實/a 可/v 貴/a 勇/nr 於/nr 放下/v 已有/v 成就/n 和勇/nr 於/nr 提起/v 夢想/n 精采/v 歷程/n 我/r 像/v 書/n 中/f 眼裡/s 金子/n 煉金術/n 師/n 忽略/d 重要/a 價值/n 於/nr 提煉/v 純粹/a 物質/n 過程/n 帶/v 淨化/v 心靈/n 四周/m 環境/n 我/r 像/v 只/d 讀/v 死/v 書/n 英國/ns 人/n 書本/n 獲/v 取煉/v 金術/n 捷徑/n 崇拜/nrt 複/yg 雜/v 戲/n 論/v 鄙/ag 棄/vg 簡/nr 單/d 真/d 實/a 道理/n 因果/c 行善/v 孝順/nz 所幸/n 遇到/v 已有/v 成就/n 老師/n 真正/d 煉金術/n 師/n 一眼/m 看出/v 英國/ns 人/n 所/u 欠缺/v 覺察/v 實際/n 生活/vn 環境/n 非/h 語言/n 文字/n 闡明/v 智慧/nr 去/v 做/v 才/d 積極/ad 行動/vn 做/v 才/d 知/v 了解/v 才能/v 修正/nr 行為/v 想法/v 獲得煉/v 金術/n 哲人/n 石和長/n 生露/v 書/n 中曾/nrt 說/zg 幸福生活/i 秘訣/n 於/nr 拿/v 手中/s 一匙/n 油/n 欣賞/v 途中/s 美麗/a 風景/n 身為/v 讀者/n 一匙/n 油/n 代表/n 用/p 功利/n 心想/n 知道/v 主角/n 獲得/v 寶藏/n 秘訣/n 但/c 以/p 欣賞/v 心/n 帶入/v 主角/n 西班牙/ns 非洲/ns 埃及/ns 冒險/n 現在/t 用/p Google/eng 地圖/n 查看/v 出現/v 地標/n 街景/n 想像/v 待/v 地方/n 感受/v 一同/d 體驗/n 走/v 過/ug 城市/ns 冷漠/n 沙漠/n 遼闊/a 遇過/v 好人/n 壞/a 人/n 當/p 遭遇/n 困難/an 痛苦/an 勇敢/a 解決/v 困難/an 後/nr 快樂/a 用/p 這種/r 方式/n 閱讀/v 帶來/v 深刻/d 樂趣/a 這種/r 想像力/n 天地/n 之/u 心/n 人生旅途/n 上/f 一匙/n 油/n 代表/n 生存/v 或是/c 夢想/n 但/c 隨著/v 時間/n 空間/n 推移/v 變化/vn 遇到/v 種種/q 人/n 事物/n 欣賞/v 享受/v 人/n 喜歡/v 擁有/v 夢想/n 勝/v 於/nr 去/v 實現/v 夢想/n 實現/v 夢/n 代表/n 改變/v 目前/t 習慣/n 生活/vn 面/n 未知/v 恐懼/an 但/c 唯有/b 勇敢/a 去/v 做/v 人才/n 能體/n 悟/v 未曾/d 見/v 過/ug 美麗/a 豐富/a 境遇/n 問/v 心無愧/i 快活/d 現在/t 看來/v 主角/n 個/q 很/d 勇敢/a 且/c 願/v 意向/n 環境/n 學習/v 人/n 旅行/vn 放棄/v 當/p 神職/n 人員/n 事/n 逐/d 水草/n 居/v 牧羊人/nr 工作/vn 夢/n 中/f 寶藏/n 去詢/v 問解/v 夢者/n 賣掉/v 所有/b 羊群/n 去/v 金字塔/nr 找/v 尋/v 他/r 寶藏/n 放下/v 命中注定/l 伴侶/n 啟程/n 過/ug 戰亂/n 沙漠/n 尋找/v 寶藏/n 放下/v 原有/v 成果/n 提起/v 高/a 目標/n 真/d 勇者/n 書/n 中/f 提醒/v 不要/df 承諾/v 別人/r 你/r 沒/v 得到/v 東西會/j 阻礙/v 你/r 踏出去/v 應該/v 先/n 努力/ad 於/nr 目前/t 做/v 事/n 付出/v 代價/n 才/d 動力/n 決心/v 去/v 完成/v 你/r 目標/n 書/n 中/f 我/r 覺得/v 一段/m 重要/a 奇/nr 蹟/zg 轉/v 換/v 想法/v 能力/n 繼續/v 目標/n 前/f 進/v 當/zg 主角/n 冒險/n 賣掉/v 所有/b 羊/n 追/v 夢/n 剛/d 陌生/n 非洲/ns 個/m 主動/b 搭話/v 陌生人/n 騙/v 走/v 所有/b 錢/n 他/r 正/d 處/n 於/nr 抉擇/v 點/q 上/f 當作/v 小偷/d 受害者/n 視為/v 一位/m 探險家/n 正/d 探/v 尋著/v 他/r 寶藏/n 主角/n 決定/v 我/r 個/q 探險家/n 我/r 正要/a 去/v 尋找/v 我/r 寶藏/n 天地/n 之/u 心/n 力量/n 感受/v 來/v 自/r 想法/v 能夠/v 自由自在/i 解讀/v 事物/n 便/d 做主/v 其中/r 成功/a 轉換/v 想法/v 關鍵/n 於/nr 主角/n 聽/v 過/ug 許多/m 冒險家/n 克服/v 困難/an 情況/n 且/c 他/r 見/v 過/ug 一位/m 神力/n 老國王/n 且/c 相信/v 他/r 祝福/nr 仍/d 信仰/n 力量/n 轉換/v 看法/v 心裡/s 感受/v 完全/ad 不同/a 現代/t 心理/n 學/v 發現/v 緊張/a 其實/d 興奮/v 生理/vn 反應/v 認為/v 興奮/v 接受/v 繼續/v 向前/t 主角/n 觀察/v 羊群/n 需求/v 行為/v 能力/n 使用/v 觀察/v 陌生/n 環境/n 陌生人/n 需求/v 上/f 主動/ad 幫助/v 糖果店/n 闆/zg 開/v 店/n 獲/v 得/ud 食物/n 幫助/v 水晶/n 店/n 闆/zg 擦拭/v 水晶球/n 獲得/v 食物/n 一份/m 得以/v 重新/a 出發/v 工作/vn 用心/n 觀察/v 能力/n 小王子/nr 書/n 中/f 所/u 說/v 重要/a 東西/ns 唯有/b 用心看/l 才能/v 看/v 見光/n 憑/p 眼睛/n 看不到/v 主角/n 應/v 用人/n 類/q 覺照/v 觀察/v 能力/n 用來/v 聽/v 心/n 想法/v 發現/v 變化/vn 無常/d 生住/v 異滅/v 但/c 觀察/v 心/n 本質/n 純粹/a 藉由/nr 訓練/vn 貼近/v 天地/n 之/u 心/n 作者/n 赫賽/nr 流浪者/n 之/u 歌/n 書迷/n 書/n 中/f 許多/m 禪/ng 觀念/n 如/c 放下/v 過去/t 不/d 幻想/n 未來/t 專注/v 於/nr 當下/s 唯有/b 專注/v 於/nr 當下/s 才能/v 改善/v 現況/n 改變/v 未來/t 踏實/v 於/nr 現在/t 過去/t 未來/t 同在/d 吃/v 飯/n 好吃/v 飯/x 走路/n 專心/v 走路/n 睡覺/n 只管/c 睡覺/v 沙漠/n 漫不經心/i 人/n 毀掉/v 專注/v 於/nr 正在/t 做/v 事/n 上/f 武士/n 戰時/t 專注/v 於/nr 敵人/n 一舉/d 一動/a 才/d 機會/n 獲勝/v 我/r 認為/v 煉金術師/n 哲人/n 石/n 點/m 石/ng 成金/n 代表/n 了解/v 其/r 事物/n 所需/n 因緣/n 條件/n 轉/v 化生成/nr 各種/r 現象長/n 生露/v 長生/n 不/d 代表/n 專/d 注活/v 當下/s 真正/d 永恆/z 書/n 中/f 認為/v 一切都是/i 由/p 上帝/n 同一/b 隻/yg 手/n 所/u 寫/v 成/v 但/c 說/v 人人/n 皆/d 能力/n 創造/v 一切/r 融合/vn 佛教/nz 中/f 如來/t 藏/j 真心/d 能生/n 萬法/n 一切/r 因緣/n 所生/b 條件/n 具備/v 必定/d 發生/v 性質/n 書/n 中/f 所/u 說/v 天地/n 之/u 心/n 進/v 一步/m 說/v 人動物/n 樹/n 木石/n 頭/zg 宇宙/n 一/m 像/v 佛/n 說/v 平等/a 心無差別心無我相無人相無眾生相無壽/i 者/k 相凡/d 所有/b 相/d 皆/d 虛妄若見/i 諸/r 相/d 非相/d 則/d 見/v 如來/t 依愛/v 因斯/n 坦質/n 互換/v 發現/v 解釋/v 一切/r 物質/n 想法/v 本質/n 能量/n 無形無相/i 感官/n 所見/c 之/u 相/d 夢境/n 幻覺/n 水泡/n 殘影/n 露水/v 閃電關/v 於愛/nr 主角/n 遇到/v 法蒂瑪/nr 一/m 見/v 鍾/nr 情/n 沙漠/n 女人/n 說/v 你/r 愛/v 我/r 從此/c 我/r 便/d 屬/v 於/nr 你/r 一部分/m 我/r 等/u 你/r 追/v 尋到/v 寶藏/nr 後/nr 沙漠/n 外面/f 回來/v 我/r 滿心/v 期望/v 小王子/nr 書/n 中/f 狐狸/n 說/v 馴服/n 建立/v 關/v 係/zg 包含/v 陪伴/n 付出/v 聊天/nz 花/v 過/ug 時間/n 精力/n 從此/c 狐狸/n 便是/v 獨一無二/i 其他/r 千千/m 狐狸/n 不再/d 用心/n 用愛/v 照顧/v 灌溉/vn 賦予/v 事物/n 獨/zg 義/ng 真/d 愛/v 真心/d 無/v 我/r 祝福/nr 付出/v 希望/v 他/r 一切/r 不是/c 互相/d 綑/yg 綁/v 佔/v 愛/v 便/d 宇宙/n 聯/vg 繫/yg 當/p 用/p 善良/a 純粹/a 真心/d 全神/n 追求/v 東西/ns 時/ng 接近/v 天地/n 之/u 心/n 時候/n 整個/b 宇宙/n 幫助/v 你/r 得到/v
0011032772_2_3,牧羊少年奇幻之旅,5.0,「當你真心渴望某樣東西時，整個宇宙都會聯合起來幫助你完成。」原來，這句耳熟能詳的無敵金句是出自Paulo Coelho（保羅．科爾賀 ）的《牧羊少年奇幻之旅》！或許這也是宇宙的語言，我讀著讀著覺得內心好激動，明知道這只是一則寓言故事，可卻難以平復自己一直想翻閱下去的心情，好想好想知道，牧羊人接下來在旅程中會遇見什麼？他的寶藏又是什麼？作者又會編寫出那些令人震撼的宇宙之語呢？這部經典之作一定非常多人已經閱讀過了，希望能夠喚起大家的感動，找個時間再次翻閱《牧羊少年奇幻之旅》吧！這本書，真的是人生每個階段都必讀的心靈寶藏！/IG：lovelove_reading,當 你 真心 渴望 某樣 東西 時 整個 宇宙 聯合 起來 幫助 你 完成 句 耳熟 能詳 無 敵金 句 出自 PauloCoelho 保羅科爾賀 牧羊 少年 奇幻 之 旅 宇宙 語言 我 讀著 讀著 覺得 內心 激動明 知道 一則 寓言故事 可 難以 平 復 翻閱 下去 心情 知道 牧羊人 接下 來 旅程 中會 遇見 他 寶藏 作者 編寫 出 令人 震撼 宇宙 之 語 這部 經典 之 作 非常 人 已經 閱讀 過 希望 能夠 喚起 大家 感動 找 個 時間 翻閱 牧羊 少年 奇幻 之 旅 本書 真的 人生 每個 階段 必讀 心靈 寶藏 IGlovelove reading,當/p 你/r 真心/d 渴望/v 某樣/r 東西/ns 時/ng 整個/b 宇宙/n 聯合/v 起來/v 幫助/v 你/r 完成/v 句/q 耳熟/a 能詳/v 無/v 敵金/n 句/q 出自/v PauloCoelho/eng 保羅科爾賀/nrt 牧羊/n 少年/m 奇幻/n 之/u 旅/n 宇宙/n 語言/n 我/r 讀著/v 讀著/v 覺得/v 內心/n 激動明/n 知道/v 一則/m 寓言故事/i 可/v 難以/d 平/v 復/zg 翻閱/v 下去/t 心情/n 知道/v 牧羊人/nr 接下/v 來/v 旅程/n 中會/j 遇見/v 他/r 寶藏/n 作者/n 編寫/v 出/v 令人/nrt 震撼/v 宇宙/n 之/u 語/ng 這部/r 經典/n 之/u 作/n 非常/d 人/n 已經/d 閱讀/v 過/ug 希望/v 能夠/v 喚起/v 大家/n 感動/v 找/v 個/q 時間/n 翻閱/v 牧羊/n 少年/m 奇幻/n 之/u 旅/n 本書/r 真的/d 人生/n 每個/r 階段/n 必讀/v 心靈/n 寶藏/n IGlovelove/eng reading/eng
0011032772_2_4,牧羊少年奇幻之旅,5.0,和小王子一樣是能反覆閱讀消化的經典，是一生中迷惘時的指南。每當懷疑自己，猶豫徬徨時，這本書都能再次給我力量，讓我找回初心，有勇氣繼續堅持下去，歷久彌新的經典！,小王子 反覆 閱讀 消化 經典 一生 中 迷惘 時 指南 每 當 懷疑 猶豫 徬徨 時 本書 我 力量 我 找回 初心 勇氣 繼續 堅持 下去 歷久 彌新 經典,小王子/nr 反覆/v 閱讀/v 消化/vn 經典/n 一生/m 中/f 迷惘/a 時/ng 指南/n 每/r 當/p 懷疑/v 猶豫/a 徬徨/v 時/ng 本書/r 我/r 力量/n 我/r 找回/v 初心/d 勇氣/n 繼續/v 堅持/v 下去/t 歷久/d 彌新/v 經典/n
0011032772_2_5,牧羊少年奇幻之旅,5.0,號稱是巴西版的《小王子》，這本書比後者有更強烈的故事性，看完之後，你會變成唯心論者。不論何種宗教，海納百川式的包容，終極目標就是帶你探索內心世界的力量。這是我高中時期的啟蒙讀物，如今我即將帶領我們班上的學生閱讀這本大作。這實在是太不現實，太夢幻了。極度推薦無知的學生戒斷手機，投身於書海的懷抱中…,號 稱 巴西 版 小王子 本書 後 者 強烈 故事性 看完 之 後 你 變成 唯心 論者 不論 何種 宗教 海納 百川 式 包容 終極 目標 帶 你 探索 內心 世界 力量 我 高中 時期 啟蒙 讀物 如今 我 即 帶領 班上 學生 閱讀 本 大作 實在 太 不現 實太 夢幻 極度 推薦 無知 學生 戒斷 手機 投身 於書海 懷抱 中,號/m 稱/v 巴西/ns 版/n 小王子/nr 本書/r 後/nr 者/k 強烈/a 故事性/n 看完/v 之/u 後/nr 你/r 變成/v 唯心/b 論者/n 不論/c 何種/r 宗教/n 海納/ns 百川/ns 式/k 包容/v 終極/n 目標/n 帶/v 你/r 探索/v 內心/n 世界/n 力量/n 我/r 高中/s 時期/n 啟蒙/vn 讀物/n 如今/t 我/r 即/v 帶領/v 班上/s 學生/n 閱讀/v 本/r 大作/n 實在/d 太/d 不現/v 實太/n 夢幻/v 極度/d 推薦/v 無知/v 學生/n 戒斷/v 手機/n 投身/n 於書海/nr 懷抱/v 中/f
0011032772_2_6,牧羊少年奇幻之旅,5.0,一開始覺得是很老套的主題，但是在閱讀的時候，卻不知不覺就會被吸引進去，並且也開始思考和自己相關的重要事物，每個人都有自己要完成的最終目標，但是我們往往在日常的瑣事中損失了發現這個目標的能力，到底要如何才能重新找到目標?也許需要的是更多的練習還有智慧。,一 開始 覺得 很 老套 主題 閱讀 時候 不知 不覺 吸引 進去 開始 思考 相關 重要 事物 每個 人 完成 最終 目標 日常 瑣事 中 損失 發現 目標 能力 才能 重新 找到 目標 需要 練習 智慧,一/m 開始/v 覺得/v 很/d 老套/n 主題/n 閱讀/v 時候/n 不知/v 不覺/d 吸引/v 進去/v 開始/v 思考/v 相關/v 重要/a 事物/n 每個/r 人/n 完成/v 最終/d 目標/n 日常/d 瑣事/n 中/f 損失/v 發現/v 目標/n 能力/n 才能/v 重新/a 找到/v 目標/n 需要/v 練習/v 智慧/nr
0011032772_2_7,牧羊少年奇幻之旅,4.5,很經典的一個故事「當你真心渴望某件事時，全宇宙都會協力幫助你。」真的很喜歡這句話不同年紀時重新翻閱這本書都會有不同的感覺慶幸自己有看過這個故事,很 經典 故事 當 你 真心 渴望 某件事 時 全宇宙 協力 幫助 你 真的 很 喜歡 句 話 不同 年紀時 重新 翻閱 本書 不同 感覺 慶幸 看 過 故事,很/d 經典/n 故事/n 當/p 你/r 真心/d 渴望/v 某件事/vn 時/zg 全宇宙/nr 協力/n 幫助/v 你/r 真的/d 很/d 喜歡/v 句/q 話/n 不同/a 年紀時/t 重新/a 翻閱/v 本書/r 不同/a 感覺/n 慶幸/v 看/v 過/ug 故事/n
0011032772_2_8,牧羊少年奇幻之旅,5.0,每個人都有他的天命，而生活中每天都有可能出現預兆，人要傾聽自己內心的聲音。在看完這本書後，反省自己的過去種種，感覺心確實是人生的領航員。跟著心的聲音走，往往能看到不同的世界，遇到不同的人，找到自己的天命。在極度迷惘時，人往往會以為自己走錯路，後悔當初的決定，但要一直走到最後，才會發現原來自己最初的夢想仍在繼續用預兆的方式敦促自己往前進。只有不畏懼命運挑戰、不忘初衷的人才能夠記住自己最純真的夢，讓年幼時的夢想成真。每個人都曾經幻想過世界是多麼大、多麼神奇，在網路、影像的充斥下世界神奇的面紗被殘酷地揭開了。但是，只有最懷抱著像牧羊少年一般的心，才可以與世界對話，讓大自然展現神奇的能力，而非只是一張張的風景照而已。最後，記得將宇宙的力量分享給曾經幫助過你的人，且將這神奇的故事代代傳承下去，讓這世上充滿更多人追求希望的神奇之旅,每個 人 他 天命 生活 中 每天 出現 預兆 人 傾聽 內心 聲音 看完 本書 後 反省 過去 種種 感覺 心 確實 人生 領航員 著心 聲音 走 看到 不同 世界 遇到 不同 人 找到 天命 極度 迷惘 時人 以為 走 錯 路 後 悔 當初 決定 但要 走到 後 才 發現 最初 夢想 仍 繼續 用 預兆 方式 敦促 往前 進 不畏 懼 命運 挑戰 不 忘 初衷 人才 能夠 記住 最純 真的 夢 年幼 時 夢 想成 真 每個 人 曾經 幻想 過 世界 大多 麼 神奇 網路 影像 充斥 下 世界 神奇 面紗 殘酷 地 揭開 懷 抱著 像 牧羊 少年 一般 心才 世界 話 大自然 展現 神奇 能力 非 一張 張 風景 照 而已 後 記 得 宇宙 力量 分享 曾經 幫助 過 你 人 且 神奇 故事 代代 傳承 下去 世上 充滿 人 追求 希望 神奇 之 旅,每個/r 人/n 他/r 天命/nz 生活/vn 中/f 每天/r 出現/v 預兆/n 人/n 傾聽/v 內心/n 聲音/n 看完/v 本書/r 後/nr 反省/n 過去/t 種種/q 感覺/n 心/n 確實/ad 人生/n 領航員/n 著心/n 聲音/n 走/v 看到/v 不同/a 世界/n 遇到/v 不同/a 人/n 找到/v 天命/nz 極度/d 迷惘/a 時人/n 以為/c 走/v 錯/n 路/n 後/nr 悔/vg 當初/t 決定/v 但要/c 走到/v 後/nr 才/d 發現/v 最初/t 夢想/n 仍/d 繼續/v 用/p 預兆/n 方式/n 敦促/v 往前/t 進/zg 不畏/v 懼/v 命運/n 挑戰/vn 不/d 忘/v 初衷/d 人才/n 能夠/v 記住/v 最純/a 真的/d 夢/n 年幼/j 時/ng 夢/n 想成/v 真/d 每個/r 人/n 曾經/d 幻想/n 過/zg 世界/n 大多/m 麼/zg 神奇/a 網路/n 影像/vn 充斥/v 下/f 世界/n 神奇/a 面紗/n 殘酷/a 地/uv 揭開/v 懷/v 抱著/v 像/v 牧羊/n 少年/m 一般/a 心才/n 世界/n 話/n 大自然/d 展現/v 神奇/a 能力/n 非/h 一張/m 張/q 風景/n 照/v 而已/y 後/nr 記/v 得/ud 宇宙/n 力量/n 分享/v 曾經/d 幫助/v 過/ug 你/r 人/n 且/c 神奇/a 故事/n 代代/n 傳承/v 下去/t 世上/s 充滿/a 人/n 追求/v 希望/v 神奇/a 之/u 旅/n
0011032772_2_9,牧羊少年奇幻之旅,4.5,大概前前後後看了至少三次以上，每看一次的心境總是截然不同這本書賦予我強大的勇氣，生於憂患死於安樂的我們，看完這本書後，是不是變得更加勇敢了呢?勇敢追逐夢想「當你真心渴望某些東西時，整個宇宙都會聯合起來幫助你完成它的」自己的人生自己決定，推薦大家這本充滿正能量的好書,前前 後 後 看 至少 三次 以上 每 看 一次 心境 截然不同 本書 賦予 我 強大 勇氣生於憂患 死 於安樂 看完 本書 後 是不是 變得 勇敢 勇敢 追逐 夢 當 你 真心 渴望 東西 時 整個 宇宙 聯合 起來 幫助 你 完成 人生 決定 推薦 大家 這本 充滿 正 能量 書,前前/t 後/nr 後/nr 看/v 至少/d 三次/m 以上/f 每/r 看/v 一次/m 心境/s 截然不同/i 本書/r 賦予/v 我/r 強大/a 勇氣生於憂患/i 死/v 於安樂/nr 看完/v 本書/r 後/nr 是不是/l 變得/v 勇敢/a 勇敢/a 追逐/v 夢/n 當/p 你/r 真心/d 渴望/v 東西/ns 時/ng 整個/b 宇宙/n 聯合/v 起來/v 幫助/v 你/r 完成/v 人生/n 決定/v 推薦/v 大家/n 這本/r 充滿/a 正/d 能量/n 書/n
0011032772_2_10,牧羊少年奇幻之旅,5.0,一本心靈寄託的書永遠記得這句話當你真心渴望某件事，整個宇宙都會聯合起來幫助你完成人生雖不如意，但也總是有快樂安穩的時候推薦給有些徬徨但目標明確的人,一本 心靈 寄 託 書 永 遠 記 得 句 話 當 你 真心 渴望 某件事 整個 宇宙 聯合 起來 幫助 你 完成 人生 雖 不如意 但 快樂 安穩 時候 推薦 徬徨 但 目標 明確 人,一本/m 心靈/n 寄/v 託/y 書/n 永/d 遠/a 記/v 得/ud 句/q 話/n 當/p 你/r 真心/d 渴望/v 某件事/vn 整個/b 宇宙/n 聯合/v 起來/v 幫助/v 你/r 完成/v 人生/n 雖/x 不如意/i 但/c 快樂/a 安穩/a 時候/n 推薦/v 徬徨/v 但/c 目標/n 明確/a 人/n
0011032772_2_11,牧羊少年奇幻之旅,5.0,你發現你的寶藏了嗎？是否有勇氣去追尋？生命不曾為做過的事留下遺憾。所以，邁開你的腳步吧!,你 發現 你 寶藏 是否 勇氣 去 追尋 生命 不曾 做 過 事 留下 遺憾 邁開 你 腳步,你/r 發現/v 你/r 寶藏/n 是否/v 勇氣/n 去/v 追尋/v 生命/vn 不曾/d 做/v 過/ug 事/n 留下/v 遺憾/a 邁開/v 你/r 腳步/n
0011032772_2_12,牧羊少年奇幻之旅,5.0,追尋夢想，這存在每個人的內心中，或深，或淺，僅此而已但是否願意踏出第一步，不受左右影響，只為追尋到心中的渴望或許這就是人生最難的地方，總有太多牽掛，或是太多理由，至今仍遲遲在原地。對書中的知名經典佳句「當你真心渴望某件事，整個宇宙都會聯合起來幫助你完成」沒有太多的感觸，不過倒是很喜歡書中說的: 「當我真實地在追尋夢想時，一路上我都會發現從未想像過的東西，如果我當初沒有勇氣去嘗試看來幾乎不可能的事，如今我就還只是個牧羊人而已。」,追尋 夢 存在 每個 人 內 心中 深 淺 僅此 而已 但 是否 願意 踏出 第一步 不 受 左右 影響 只為 追 尋到 心中 渴望 人生 最難 地方 總 太 牽掛 或是 太 理由 至今 仍 遲遲 原地 書 中 知名 經典 佳句 當 你 真心 渴望 某件事 整個 宇宙 聯合 起來 幫助 你 完成 沒有 太 感觸 倒 很 喜歡 書 中 說 當 我 真實 地 追尋 夢 時 一路上 我 發現 未 想像 過 東西 我 當初 沒有 勇氣 去 嘗試 看來 不 事 如今 我 個 牧羊人 而已,追尋/v 夢/n 存在/v 每個/r 人/n 內/n 心中/s 深/a 淺/a 僅此/d 而已/y 但/c 是否/v 願意/v 踏出/v 第一步/m 不/d 受/v 左右/m 影響/vn 只為/c 追/v 尋到/v 心中/s 渴望/v 人生/n 最難/a 地方/n 總/b 太/d 牽掛/v 或是/c 太/d 理由/n 至今/d 仍/d 遲遲/d 原地/n 書/n 中/f 知名/v 經典/n 佳句/n 當/p 你/r 真心/d 渴望/v 某件事/vn 整個/b 宇宙/n 聯合/v 起來/v 幫助/v 你/r 完成/v 沒有/v 太/d 感觸/v 倒/v 很/d 喜歡/v 書/n 中/f 說/v 當/p 我/r 真實/d 地/uv 追尋/v 夢/n 時/ng 一路上/l 我/r 發現/v 未/t 想像/v 過/ug 東西/ns 我/r 當初/t 沒有/v 勇氣/n 去/v 嘗試/v 看來/v 不/d 事/n 如今/t 我/r 個/zg 牧羊人/nr 而已/y
0011032772_2_13,牧羊少年奇幻之旅,5.0,文字不會讓人感覺到死板或壓抑，看似輕鬆簡單的故事裡同時富涵很多道理。非常值得收藏的一本小說，看千萬遍也不厭倦。,文字 不 人感 覺到 死板 壓抑 看似 輕 鬆 簡 單 故事 裡 富涵 很多 道理 非常 值得 收藏 一本 小 說 看 千萬遍 不厭倦,文字/n 不/d 人感/n 覺到/v 死板/n 壓抑/v 看似/v 輕/a 鬆/zg 簡/nr 單/d 故事/n 裡/f 富涵/n 很多/m 道理/n 非常/d 值得/v 收藏/v 一本/m 小/a 說/v 看/v 千萬遍/m 不厭倦/i
0011032772_2_14,牧羊少年奇幻之旅,5.0,一個少年的夢指向未來，走過千里的路途，只為了寶藏，過程中的經驗使少年增長智慧，最後寶藏竟在原本的腳下，其實寓意深遠，我們試著向外發展，但不曾看看四周，最初的地方反而是最珍貴！推薦給各年齡層來閱讀，以不同時候來看會有不同的滋味！,少年 夢 指向 未來 走 過 千里 路途 只為 寶藏 過程 中 經驗 使 少年 增長 智慧 後 寶藏 竟 原本 腳下 其實 寓意 深遠 試著 外 發展 但 不曾 看看 四周 最初 地方 珍貴 推薦 各 年 齡 層 來 閱讀 以 不同 時候 來看 不同 滋味,少年/m 夢/n 指向/n 未來/t 走/v 過/ug 千里/q 路途/n 只為/v 寶藏/ns 過程/n 中/f 經驗/n 使/v 少年/m 增長/v 智慧/nr 後/nr 寶藏/nr 竟/d 原本/n 腳下/f 其實/d 寓意/n 深遠/a 試著/v 外/f 發展/vn 但/c 不曾/d 看看/v 四周/m 最初/t 地方/n 珍貴/a 推薦/v 各/r 年/m 齡/ng 層/q 來/v 閱讀/v 以/p 不同/a 時候/n 來看/u 不同/a 滋味/n
0011032772_2_15,牧羊少年奇幻之旅,5.0,夢境與現實拉扯，左右牧羊人的腳步。試想，有個必須橫渡海峽、跨越沙漠才能獲得的神祕寶藏，如鬼魅般連日縈繞在你的夢境，作為牧羊人的你，這場虛實未甫的徵兆，值得自己揮別羊群，踏上尋寶旅途嗎？就《牧羊少年奇幻之旅》而言，牧羊人之為牧羊人，歸因自幼擁抱探索世界的追求。但他在成為牧羊人後的兩年，已逐漸習慣那些只為水與食物而活忠實的羊群。此刻，不請自來的寶藏夢境來的正是時候，它象徵改變、賜予他充分的探險目標。意料之內的，牧羊人決定告別羊群，使探尋寶藏的旅程揚帆啟航。作者將繽紛富有想像的神話色彩，融入這趟奇幻之旅，雖超脫現實卻鼓舞人心；他亦細心安排牧羊人在旅途中所經歷的形形色色，使讀者體會到：每個人對於夢想的定義與實踐的方式皆不盡相同。回到最初的那道假設，我想答案因人而異。縱使牧羊人的旅行精彩突出，值得讚賞，可個性恬淡的我仍偏好規律與踏實。我試著想像，某個人一日復一日，做著沉澱心底的夢，當它們昇華成平凡生活的醍醐，抑或克服艱難的助力，又何嘗不是種幸福？,夢境 現實 拉扯 左右 牧羊人 腳步 試想 有個 橫 渡海 峽 跨越 沙漠 才能 獲得 神 祕 寶 藏 如 鬼魅 般 日 縈繞 你 夢境 作為 牧羊人 你 這場 虛 實未 甫 徵 兆 值得 揮別 羊群 踏上 尋寶 旅途 牧羊 少年 奇幻 之 旅 而言 牧羊人 之為 牧羊人 歸 因 自幼 擁抱 探索 世界 追求 但 他 成為 牧羊人 後 兩年 已 習慣 只為 水 食物 活 忠實 羊群 此刻 不 請 自來 寶藏 夢境 來的 時候 象 徵 改變 賜予 他 充分 探險 目標 意料 之內 牧羊人 決定 告別 羊群 使探 尋寶藏 旅程 揚帆 啟航 作者 繽紛 富有 想像 神話 色彩 融入 趟 奇幻 之 旅 雖 超脫 現實 鼓舞人心 他 亦 細心 安排 牧羊 人在旅途 中所 經歷 形形色色 使讀 者 體會 每個 人 於夢想 定義 實踐 方式 皆 不 盡 相同 回到 最初 道 假 設 我 答案 因人而異 牧羊人 旅行 精彩 突出 值得 讚 賞 可 個 性 恬淡 我 仍 偏好 規律 踏實 我 試著 想像 某個 人 一日 復 一日 做著 沉 澱 心底 夢 當 們 昇 華 成 平凡 生活 醍醐 抑或 克服 艱難 助力 不是 種 幸福,夢境/n 現實/n 拉扯/v 左右/m 牧羊人/nr 腳步/n 試想/v 有個/r 橫/v 渡海/ns 峽/x 跨越/v 沙漠/n 才能/v 獲得/v 神/n 祕/zg 寶/v 藏/v 如/v 鬼魅/n 般/u 日/m 縈繞/v 你/r 夢境/n 作為/v 牧羊人/nr 你/r 這場/r 虛/d 實未/d 甫/d 徵/g 兆/vg 值得/v 揮別/v 羊群/n 踏上/v 尋寶/nr 旅途/n 牧羊/n 少年/m 奇幻/n 之/u 旅/n 而言/c 牧羊人/nr 之為/c 牧羊人/nr 歸/v 因/c 自幼/d 擁抱/v 探索/v 世界/n 追求/v 但/c 他/r 成為/v 牧羊人/nr 後/nr 兩年/m 已/d 習慣/n 只為/c 水/n 食物/n 活/n 忠實/a 羊群/n 此刻/r 不/d 請/v 自來/v 寶藏/n 夢境/n 來的/u 時候/n 象/n 徵/g 改變/v 賜予/v 他/r 充分/ad 探險/n 目標/n 意料/n 之內/f 牧羊人/nr 決定/v 告別/v 羊群/n 使探/v 尋寶藏/nr 旅程/n 揚帆/nr 啟航/v 作者/n 繽紛/z 富有/v 想像/v 神話/n 色彩/n 融入/v 趟/q 奇幻/n 之/u 旅/n 雖/c 超脫/v 現實/n 鼓舞人心/i 他/r 亦/d 細心/a 安排/v 牧羊/n 人在旅途/n 中所/j 經歷/n 形形色色/n 使讀/v 者/k 體會/n 每個/r 人/n 於夢想/nr 定義/n 實踐/v 方式/n 皆/d 不/d 盡/v 相同/d 回到/v 最初/t 道/q 假/a 設/v 我/r 答案/n 因人而異/i 牧羊人/nr 旅行/vn 精彩/n 突出/v 值得/v 讚/yg 賞/v 可/v 個/q 性/ng 恬淡/a 我/r 仍/d 偏好/d 規律/n 踏實/a 我/r 試著/v 想像/v 某個/r 人/n 一日/m 復/zg 一日/m 做著/v 沉/v 澱/zg 心底/s 夢/n 當/p 們/k 昇/y 華/j 成/v 平凡/a 生活/vn 醍醐/n 抑或/c 克服/v 艱難/a 助力/n 不是/c 種/x 幸福/a
0011032772_2_16,牧羊少年奇幻之旅,5.0,在讀完這本書後，我一直在自省，我是否能夠像書中的牧羊少年一般的勇於追求夢想。往往因為現實的因素，而忽視了自己心中最想完成的事，看了這本書，讓我有了想要去實踐夢想的力量！非常值得一讀，推薦給大家！,讀完 本書 後 我 自省 我 是否 能夠 像 書 中 牧羊 少年 一般 勇 於 追求 夢 現實 因素 忽視 心中 完成 事 看 本書 我 想要 去 實踐 夢想 力量 非常 值得 一 讀 推薦 大家,讀完/v 本書/r 後/nr 我/r 自省/r 我/r 是否/v 能夠/v 像/v 書/n 中/f 牧羊/n 少年/m 一般/a 勇/n 於/nr 追求/v 夢/n 現實/n 因素/n 忽視/v 心中/s 完成/v 事/n 看/v 本書/r 我/r 想要/v 去/v 實踐/v 夢想/n 力量/n 非常/d 值得/v 一/m 讀/v 推薦/v 大家/n
0011032772_2_17,牧羊少年奇幻之旅,4.0,如果說每個人都有自己的天命你又要如何去發現 在現實中發現你又要如何去實現 在真實中時現我們總是在追尋那心目中的寶藏但請傾聽你的心了解承認承擔心中最想表達的真面目在往下一步走 你就知道那是否是你想要的牧羊人的奇幻之旅 帶我走了一趟踏上自己心的旅程,說 每個 人 天命 你 去 發現 現實 中 發現 你 去 實現 真實 中 時現 追尋 心目 中 寶藏 但 請 傾 聽 你 心 了解 承認 承擔 心中 表達 真面目 往下 一步 走 你 知道 是否是 你 想要 牧羊人 奇幻 之 旅 帶 我 走 一趟 踏上 心 旅程,說/v 每個/r 人/n 天命/nz 你/r 去/v 發現/v 現實/n 中/f 發現/v 你/r 去/v 實現/v 真實/d 中/f 時現/v 追尋/v 心目/n 中/f 寶藏/n 但/c 請/v 傾/v 聽/v 你/r 心/n 了解/v 承認/v 承擔/v 心中/s 表達/v 真面目/n 往下/t 一步/m 走/v 你/r 知道/v 是否是/l 你/r 想要/v 牧羊人/nr 奇幻/n 之/u 旅/n 帶/v 我/r 走/v 一趟/m 踏上/v 心/n 旅程/n
0011032772_2_18,牧羊少年奇幻之旅,4.0,「當你真心渴望某件事時，全宇宙都會協力幫助你。」牧羊少年為了那個不斷出現的夢，而踏上了追尋寶藏的旅途，並且帶著這個信念抵達了金字塔。雖然最終這個旅途回到了原點，而他也在出發點找到了寶藏，但我認為他真正所得並不是那些值錢的東西，而是他在這趟旅程中所經驗的人事物。我想，在眾多的體驗後，對他而言也是如此。或許很多人會在看了這本書後，開始尋求自己的天命，並引用本文第一句話作為自己的座右銘。然而，我並不認為每個人都得認為自己有著特殊的天命而像書中的主角般一樣探險。這個世界上有許多人也許看起來平平凡凡地過了一生，但那也許正是他們所渴望的。牧羊人的旅程也許令人熱血賁張，但我認為不需要認為有著轟轟烈烈的經驗才是真正體驗過人生，就算是看起來最平常的，何嘗不也是一個令人欣羨的旅程呢？這本書對那些本來就渴望探險的人，無疑是一個很棒的催化劑；然而對像我這樣渴望平凡的人而言，這是一本有趣的故事書。使我了解其他人如何對他們的生活有所想像，並實踐其夢想。而我自己在看完這本書後，也同樣朝著自己擁抱平凡的夢想前進。,當 你 真心 渴望 某件事 時 全宇宙 協力 幫助 你 牧羊 少年 出現 夢 踏上 追尋 寶藏 旅途 帶著 信念 抵達 金字塔 最終 旅途 回到 原點 他 出發 點 找到 寶藏 但 我 認為 他 真正 所得 並 不是 值 錢 東西 他 趟 旅程 中所 經驗 人 事物 我 眾多 體驗 後 他 而言 如此 很多 人會 看 本書 後 開始 尋求 天命 並 引用 本文 第一句 話 作為 座右銘 我 並 不 認為 每個 人 得 認為 有著 特殊 天命 像 書 中 主角 般 探險 世界 上有 許多 人 看 起來 平平凡凡 地 過 一生 但 許 所 渴望 牧羊人 旅程 令人 熱 血 賁 張 但 我 認為 不 需要 認為 有著 轟轟 烈烈 經驗 才 真正 體驗 過 人生 看 起來 平常 不 令人 欣羨 旅程 本書 本來 渴望 探險 人 無疑 很棒 催化 劑 像 我 渴望 平凡 人 而言 一本 有趣 故事 書 使 我 了解 其他人 生活 有所 想像 並 實踐 其 夢想 我 看完 本書 後 朝著 擁抱 平凡 夢想 前 進,當/p 你/r 真心/d 渴望/v 某件事/vn 時/zg 全宇宙/nr 協力/n 幫助/v 你/r 牧羊/n 少年/m 出現/v 夢/n 踏上/v 追尋/v 寶藏/n 旅途/n 帶著/v 信念/n 抵達/v 金字塔/nr 最終/d 旅途/n 回到/v 原點/n 他/r 出發/v 點/m 找到/v 寶藏/n 但/c 我/r 認為/v 他/r 真正/d 所得/v 並/zg 不是/c 值/n 錢/n 東西/ns 他/r 趟/q 旅程/n 中所/j 經驗/vn 人/n 事物/n 我/r 眾多/m 體驗/n 後/nr 他/r 而言/c 如此/c 很多/m 人會/n 看/v 本書/r 後/nr 開始/v 尋求/v 天命/nz 並/zg 引用/v 本文/r 第一句/m 話/n 作為/v 座右銘/i 我/r 並/c 不/d 認為/v 每個/r 人/n 得/ud 認為/v 有著/v 特殊/a 天命/nz 像/v 書/n 中/f 主角/n 般/u 探險/v 世界/n 上有/v 許多/m 人/n 看/v 起來/v 平平凡凡/z 地/uv 過/ug 一生/m 但/c 許/m 所/u 渴望/v 牧羊人/nr 旅程/n 令人/nrt 熱/a 血/n 賁/nr 張/q 但/c 我/r 認為/v 不/d 需要/v 認為/v 有著/v 轟轟/o 烈烈/n 經驗/n 才/d 真正/d 體驗/n 過/n 人生/n 看/v 起來/v 平常/a 不/d 令人/nrt 欣羨/v 旅程/n 本書/r 本來/t 渴望/v 探險/n 人/n 無疑/d 很棒/a 催化/v 劑/x 像/v 我/r 渴望/v 平凡/a 人/n 而言/c 一本/m 有趣/a 故事/n 書/n 使/v 我/r 了解/v 其他人/rr 生活/vn 有所/n 想像/v 並/c 實踐/v 其/r 夢想/n 我/r 看完/v 本書/r 後/nr 朝著/v 擁抱/v 平凡/a 夢想/n 前/f 進/v
0011032772_2_19,牧羊少年奇幻之旅,4.0,本書強調當你真心渴望追求某種事物的話，整個宇宙都會聯合起來幫你完成。所以未來的秘密就是現在，如果你專注於現在，就必定能改善現在，如果你能改善現在，必可期待更燦美的未來。每一天，都有它自己的永恆。,本書 強調 當 你 真心 渴望 追求 某種 事物 的話 整個 宇宙 聯合 起來 幫 你 完成 未來 秘密 現在 你 專注 於 現在 必定 改善 現在 你 改善 現在 必 可 期待 燦 美的 未來 每 一天 永恆,本書/r 強調/v 當/p 你/r 真心/d 渴望/v 追求/v 某種/r 事物/n 的話/u 整個/b 宇宙/n 聯合/v 起來/v 幫/v 你/r 完成/v 未來/t 秘密/n 現在/t 你/r 專注/v 於/nr 現在/t 必定/d 改善/v 現在/t 你/r 改善/v 現在/t 必/d 可/v 期待/v 燦/a 美的/nr 未來/t 每/r 一天/m 永恆/z
0011032772_3_0,牧羊少年奇幻之旅,5.0,一口氣看完，又立刻再看一次。第二次，每次只看一點點，慢慢體會某些情節更深層的意涵。是一本很值得買回家，放在床頭，睡前閱讀的書。,一口 氣 看 完 立刻 看 一次 第二次 每次 只 看 一點點 體會 情節 更深 層 意涵 一本 很 值得 買 回家 放在 床頭 睡 前 閱讀 書,一口/m 氣/n 看/v 完/v 立刻/d 看/v 一次/m 第二次/m 每次/r 只/d 看/v 一點點/m 體會/n 情節/n 更深/d 層/q 意涵/n 一本/m 很/zg 值得/v 買/x 回家/n 放在/v 床頭/n 睡/v 前/f 閱讀/v 書/n
0011032772_3_1,牧羊少年奇幻之旅,5.0,尋寶一直是喜歡冒險的人所愛的牧羊少年從下定決心出發去尋找，到努力從各個危難中堅持下來即使一切都回到原點彷彿什麼都不曾發生過但其實過程才是讓他成長茁壯的最大寶物啊！人生不也一樣嗎？起起落落總會回到原點重點是你選擇要怎麼過！不是嗎？這是一本在不同的年紀閱讀後會有不同體會的好書,尋寶 喜歡 冒險 人 所 愛 牧羊 少年 下定 決心 出發 去 尋 找到 努力 各個 危難 中 堅持 下來 一切 回到 原點 彷彿什麼 不曾 發生 過 但其 實過 程才 他 成長 茁壯 最大 寶物 人生 不 起起落落 總會 回到 原點 重點 你 選擇 過 不是 一本 不同 年紀 閱讀 後 不同 體會 書,尋寶/nr 喜歡/v 冒險/n 人/n 所/u 愛/v 牧羊/n 少年/m 下定/v 決心/n 出發/v 去/v 尋/v 找到/v 努力/ad 各個/r 危難/an 中/f 堅持/v 下來/v 一切/r 回到/v 原點/n 彷彿什麼/v 不曾/d 發生/v 過/ug 但其/c 實過/v 程才/n 他/r 成長/v 茁壯/a 最大/a 寶物/n 人生/n 不/d 起起落落/i 總會/n 回到/v 原點/n 重點/n 你/r 選擇/v 過/ug 不是/c 一本/m 不同/a 年紀/n 閱讀/v 後/nr 不同/a 體會/n 書/n
0011032772_3_2,牧羊少年奇幻之旅,3.0,這是一本需要靜下心來好好品味，才能領略箇中韻味的好書。牧羊人究竟有沒有白走這一遭？我想答案因人而異。,一本 需要 靜下心來 好好 品味 才能 領略 箇中 韻味 書 牧羊人 沒有 白 走 一遭 我 答案 因人 異,一本/m 需要/v 靜下心來/l 好好/d 品味/n 才能/v 領略/n 箇中/vn 韻味/n 書/n 牧羊人/nr 沒有/v 白/a 走/v 一遭/m 我/r 答案/n 因人/n 異/n
0011032772_3_3,牧羊少年奇幻之旅,5.0,「當你真心渴望某件事，全宇宙都會聯合起來幫你」擁有這本書已經超過十年，每當迷惘時，總是不自覺浮現這段字。人生有太多的無奈跟包袱，在學時間我們都有自己的夢想，出社會，往往被無情的現實所擊敗，在追求夢想的途中，我們欠缺的常是對自己的肯定，太多時候，我們都活在別人的期許與嘴中，忽略了，這世界最獨特的是＿世界上獨一無二的自己。旅程中，不是得到就是學到，往往人們記得的只有失敗，而不是失敗所獲得的經驗,當 你 真心 渴望 某件事 全宇宙 聯合 起來 幫 你 擁有 本書 已經 超過 十年 每 當 迷惘 時 不 自覺 浮現 段 字 人生 太 無奈 包袱 學時間 夢 想出 社會 無情 現實 所 擊敗 追求 夢想 途中 欠缺 的常 肯定 太 時候 活 別人 期許 嘴中 忽略 世界 獨特 世界 上 獨一無二 旅程 中 不是 得到 學到 人們 記得 只 有失 敗 不是 失敗 所 獲得 經驗,當/p 你/r 真心/d 渴望/v 某件事/vn 全宇宙/nr 聯合/v 起來/v 幫/v 你/r 擁有/v 本書/r 已經/d 超過/v 十年/m 每/r 當/p 迷惘/a 時/ng 不/d 自覺/d 浮現/v 段/q 字/n 人生/n 太/d 無奈/d 包袱/n 學時間/n 夢/n 想出/v 社會/n 無情/n 現實/n 所/u 擊敗/v 追求/v 夢想/n 途中/s 欠缺/v 的常/d 肯定/v 太/d 時候/n 活/v 別人/r 期許/v 嘴中/s 忽略/d 世界/n 獨特/a 世界/n 上/f 獨一無二/i 旅程/n 中/f 不是/c 得到/v 學到/v 人們/n 記得/v 只/d 有失/v 敗/v 不是/c 失敗/v 所/u 獲得/v 經驗/vn
0011032772_3_4,牧羊少年奇幻之旅,4.0,家長不放心讓兒女勇敢走在「天命」的道路上，無非是害怕他們會在旅途中，如同牧羊少年般，輕信偽裝成朋友的騙子，喪盡他們的積蓄。若我身處異鄉，盤纏一空，第一個念頭大概是垂頭喪氣回到那個「永遠的避風港」，押下久違的門鈴，承認當初反對自己的父母所言：「總有一天你會瞭解我們的土地最肥，我們的女人最美。」數年後，生兒育女，再用相同的思維，養育下一代。但書中，那陷入低潮的牧羊少年，跨出的下一步，給我一條嶄新的思路。再下一步、下一步，幾乎每一步都是保守的我所料想不到的，讓我十足享受著這場奇幻旅行，並開闊自己原先短小的視野。「當你真心渴望追求某種事物的話，整個宇宙都會聯合起來幫你完成。」在傾家蕩產後，想以這句話說服家人，大概會得來固執的評語。因此，遭遇挫折時，把這句話收進心裡反覆聆聽，那將會是自己走在「天命」軌道上的指引。,家長 不 放心 兒女 勇敢 走 天命 道路 上 無非 害怕 旅途 中 牧羊 少年 般輕 信偽 裝成 朋友 騙子 喪盡 積蓄 我 身處 異鄉 盤纏 一空 個念頭 垂頭喪氣 回到 永遠 避風 港 押 下 久違 門鈴 承認 當初 反對 父母 所言 總 一天 你 瞭解 土地 最肥 女人 最美 數 年 後 生兒育女 用 相同 思維 養育 下一代 但 書 中 陷入 低潮 牧羊 少年 跨出 下 一步 我 一條 嶄新 思路 下 一步 下 一步 每 一步 保守 我 所 料想不到 我 十足 享受 這場 奇幻 旅行 並 開闊 原先 短小 視野 當 你 真心 渴望 追求 某種 事物 的話 整個 宇宙 聯合 起來 幫 你 完成 傾 家 蕩 產 後 以 句 話 說 服 家人 得 來 固執 評語 遭遇 挫折 時 句 話 收進 心裡 反覆 聆聽 走 天命 軌道 上 指引,家長/n 不/d 放心/v 兒女/n 勇敢/a 走/v 天命/nz 道路/n 上/f 無非/d 害怕/v 旅途/n 中/f 牧羊/n 少年/m 般輕/a 信偽/n 裝成/v 朋友/n 騙子/n 喪盡/v 積蓄/n 我/r 身處/s 異鄉/n 盤纏/v 一空/s 個念頭/n 垂頭喪氣/i 回到/v 永遠/d 避風/v 港/j 押/v 下/f 久違/v 門鈴/n 承認/v 當初/t 反對/d 父母/n 所言/c 總/b 一天/m 你/r 瞭解/v 土地/n 最肥/n 女人/n 最美/a 數/m 年/m 後/nr 生兒育女/n 用/p 相同/d 思維/n 養育/vn 下一代/t 但/c 書/n 中/f 陷入/v 低潮/n 牧羊/n 少年/m 跨出/v 下/v 一步/m 我/r 一條/m 嶄新/b 思路/n 下/v 一步/m 下/f 一步/m 每/r 一步/m 保守/v 我/r 所/u 料想不到/v 我/r 十足/d 享受/v 這場/mq 奇幻/n 旅行/vn 並/c 開闊/v 原先/d 短小/b 視野/n 當/p 你/r 真心/d 渴望/v 追求/v 某種/r 事物/n 的話/u 整個/b 宇宙/n 聯合/v 起來/v 幫/v 你/r 完成/v 傾/v 家/q 蕩/yg 產/v 後/nr 以/p 句/q 話/n 說/v 服/v 家人/n 得/ud 來/v 固執/a 評語/n 遭遇/n 挫折/n 時/ng 句/q 話/n 收進/v 心裡/s 反覆/v 聆聽/v 走/v 天命/nz 軌道/n 上/f 指引/v
0011032772_3_5,牧羊少年奇幻之旅,4.0,原文書名是The Alchemist，「煉金術師」之意。除了牧羊少年追尋寶藏的途中所遇到的一位煉金術師作為要角，為少年帶來啟發外；書名隱含了以「煉金」比擬追尋夢想的寓意。煉金術是中古世紀透過混和、加熱，去除雜質等過程以求提煉出黃金，而牧羊少年為了追尋寶藏，孤獨地踏上牧羊之旅，過程中傾聽智者的提點、受到艱困的挑戰，並且放下許多安逸及誘惑，經過如此過程，才能澄澈的看見心靈所追求寶藏。全書最家喻戶曉的一句莫過於「當你真心渴望某件事時，全宇宙都會聯合起來幫助你」。但是光是渴望是不夠的，知易行難，所幸少年有毅力、熱情與堅持。當全宇宙的的幫助都以各不相同的形式降臨，也許是祝福或許是挑戰，又如何把它成功的鍊成金？踏上旅途，知悉自己的天命吧！,原文 書名 TheAlchemist 煉金術師 之 意 牧羊 少年 追尋 寶藏 途中 所 遇到 一位 煉金術師 作為 角 少年 帶來 啟發 外書名 隱含 以 煉金 比擬 追尋夢想 寓意 煉金術 中古 世紀 透過 混和 加熱 去除 雜質 等 過程 以求 提煉 出 黃金 牧羊 少年 追尋 寶藏 孤獨 地 踏上 牧羊 之 旅 過程 中 傾聽 智者 提點 受到 艱困 挑戰 放下 許多 安逸 誘惑 如此 過程 才能 澄澈 看見 心靈 所 追求 寶藏 全書 家喻戶曉 一句 過 於 當 你 真心 渴望 某件事 時 全宇宙 聯合 起來 幫助 你 光是 渴望 不夠 知 易行 難 所幸 少年 毅力 熱情 堅持 當 全宇宙 的的 幫助 以 各不相同 形式 降臨 祝福 挑戰 成功 鍊 成 金 踏上 旅途 知悉 天命,原文/n 書名/n TheAlchemist/eng 煉金術師/n 之/u 意/ng 牧羊/n 少年/m 追尋/v 寶藏/n 途中/s 所/c 遇到/v 一位/m 煉金術師/n 作為/v 角/q 少年/m 帶來/v 啟發/v 外書名/n 隱含/v 以/p 煉金/n 比擬/v 追尋夢想/i 寓意/n 煉金術/n 中古/ns 世紀/n 透過/v 混和/a 加熱/v 去除/v 雜質/n 等/u 過程/n 以求/v 提煉/v 出/v 黃金/n 牧羊/n 少年/m 追尋/v 寶藏/n 孤獨/a 地/uv 踏上/v 牧羊/n 之/u 旅/n 過程/n 中/f 傾聽/v 智者/n 提點/n 受到/v 艱困/a 挑戰/vn 放下/v 許多/m 安逸/nr 誘惑/v 如此/c 過程/n 才能/v 澄澈/a 看見/v 心靈/n 所/u 追求/v 寶藏/ns 全書/n 家喻戶曉/i 一句/m 過/ug 於/nr 當/p 你/r 真心/d 渴望/v 某件事/vn 時/zg 全宇宙/nr 聯合/v 起來/v 幫助/v 你/r 光是/n 渴望/v 不夠/a 知/v 易行/v 難/zg 所幸/n 少年/m 毅力/n 熱情/n 堅持/v 當/t 全宇宙/nr 的的/u 幫助/v 以/p 各不相同/l 形式/n 降臨/v 祝福/nr 挑戰/v 成功/a 鍊/y 成/v 金/ng 踏上/v 旅途/n 知悉/v 天命/nz
0011032772_3_6,牧羊少年奇幻之旅,5.0,「在你環顧著周遭的風景時，別忘了湯匙裡的油。」這本書就像是夜空中的北極星，指引在生命中迷失方向的旅人，一步步前往應許之地。這一生就是我們尋找天賦的旅程。我們都跟書中的主角一樣，歷經各式各樣不同的嘗試，並試著在各種甜美誘人的未來藍圖中，牙一咬決定放棄。也許主角當個沙漠中的寶石商人，就能填飽肚子，但，那始終無法填飽心靈。這也是牧羊少年繞了一大圈，才發現自己所追求的，正是遠在天邊、近在眼前的寶藏。那你呢? 也正在追尋的路上嗎?如果答案是肯定的，千萬要帶上這一本書，當作逐夢的指南針，讓你在做決定的時候能夠勇敢，不會因為失去什麼而後悔、不會因為跟別人不同而膽怯、不會因為害怕失去而不敢付出。,你 環 顧著 周遭 風景 時別 忘 湯匙 裡 油 本書 像是 夜空 中 北極星 指引 生命 中 迷失方向 旅人 前往 應許 之 地 一生 尋找 天賦 旅程 書 中 主角 歷經 各式 各樣 不同 嘗試 並 試著 各種 甜美 誘人 未來 藍圖 中牙 一 咬 決定 放棄 主角 當個 沙漠 中 寶石 商人 填 飽 肚子 但 始終 無法填飽心靈 牧羊 少年 繞 一大 圈 才 發現 所 追求 遠 天邊 近在眼前 寶藏 你 正在 追尋 路上 答案 肯定 帶 上 一本 書 當作逐夢 指南 針 你 做 決定 時候 能夠 勇敢 不會 失去 後 悔 不 別人 不同 膽怯 不 害怕 失去 不敢 付出,你/r 環/v 顧著/v 周遭/m 風景/n 時別/d 忘/v 湯匙/n 裡/f 油/n 本書/r 像是/v 夜空/n 中/f 北極星/n 指引/v 生命/vn 中/f 迷失方向/i 旅人/n 前往/t 應許/v 之/u 地/uv 一生/m 尋找/v 天賦/n 旅程/n 書/n 中/f 主角/n 歷經/d 各式/r 各樣/r 不同/a 嘗試/vn 並/c 試著/v 各種/r 甜美/a 誘人/n 未來/t 藍圖/n 中牙/ns 一/m 咬/v 決定/v 放棄/v 主角/n 當個/t 沙漠/n 中/f 寶石/n 商人/n 填/v 飽/a 肚子/n 但/c 始終/d 無法填飽心靈/i 牧羊/n 少年/m 繞/v 一大/a 圈/q 才/d 發現/v 所/c 追求/v 遠/a 天邊/s 近在眼前/l 寶藏/n 你/r 正在/t 追尋/v 路上/s 答案/n 肯定/v 帶/v 上/f 一本/m 書/n 當作逐夢/i 指南/n 針/n 你/r 做/v 決定/v 時候/n 能夠/v 勇敢/a 不會/n 失去/v 後/nr 悔/vg 不/d 別人/r 不同/a 膽怯/a 不/d 害怕/v 失去/v 不敢/d 付出/v
0011032772_3_7,牧羊少年奇幻之旅,5.0,「你走在自己的夢想上嗎？」這裡的夢想並不是你現實了之後，所想出當醫生、當律師之類的人生規劃，而是更早以前那荒誕不羈的夢。那些被我們遺落的夢卻被牧羊少年撿起來了，他視之為珍寶；他無法忘懷；他放棄一切，最後他踏上旅程。比起牧羊少年，我們似乎都堅強的多，他禁不起心竊竊私語般的嚙咬，我們卻可以視若無睹。是這樣嗎？當我們不再是少年，身上多了責任，放下一切去追夢似乎是遙不可及的，放棄並不是我們的錯。如果你也如此逼不得已，翻翻這本書吧。點燃心中的火苗。牧羊少年會是你的守火者。也許現在還不行，那就等吧熬吧走吧，總有一天，火苗會昇華為熊熊烈火，夢想會成真。,你 走 夢想 上 夢想 並 不是 你 現實 之 後 所 想出 當 醫生 當 律師 之類 人生 規劃 早 以前 荒誕不羈 夢 遺落 夢 牧羊 少年 撿 起來 他 視之為珍寶 他 無法忘懷 他 放棄 一切 後 他 踏上 旅程 比起 牧羊 少年 堅強 多他 禁不起 心竊竊私語 般的 嚙 咬 我 們 視若無睹 當 不再 少年 身上 責任 放下 一切 去 追夢 遙 不可 放棄 並 不是 錯 你 如此 逼不得已 翻翻 本書 點 燃 心中 火苗 牧羊 少年 你 守 火者 現在 不行 等 熬 走 總 一天 火苗 昇 華 熊熊烈火 夢 成 真,你/r 走/v 夢想/n 上/f 夢想/n 並/c 不是/c 你/r 現實/v 之/u 後/nr 所/u 想出/v 當/p 醫生/n 當/p 律師/n 之類/r 人生/n 規劃/n 早/a 以前/f 荒誕不羈/i 夢/n 遺落/n 夢/n 牧羊/n 少年/m 撿/v 起來/v 他/r 視之為珍寶/i 他/r 無法忘懷/i 他/r 放棄/v 一切/r 後/nr 他/r 踏上/v 旅程/n 比起/v 牧羊/n 少年/m 堅強/a 多他/r 禁不起/v 心竊竊私語/i 般的/u 嚙/yg 咬/v 我/r 們/k 視若無睹/i 當/p 不再/d 少年/m 身上/s 責任/n 放下/v 一切/r 去/v 追夢/v 遙/a 不可/v 放棄/v 並/c 不是/c 錯/n 你/r 如此/c 逼不得已/i 翻翻/v 本書/r 點/m 燃/n 心中/s 火苗/n 牧羊/n 少年/m 你/r 守/v 火者/n 現在/t 不行/v 等/u 熬/v 走/v 總/b 一天/m 火苗/n 昇/zg 華/j 熊熊烈火/nr 夢/n 成/v 真/d
0011032772_3_8,牧羊少年奇幻之旅,5.0,人常常會安於現在生活，對未來的期許都是以現在作為基點作的夢想。書中主人翁卻能突破對這個安全圈的依戀，勇敢對自己內心的想法做出呼應及行動。面對選擇下所面對的各種挫折都能用正向的想法突破。人生不在於獲得，在於經歷;人生不在於夢想，在於實際。即使每個人都會經歷從生到死，但過程中的樂章卻是自己撰寫譜出來的。對我而言每當執行於夢想受到困境總會想起:聽聽你的內心吧！,人 安 於 現在 生活 未來 期許 以 現在 作為 基點 作 夢 書 中 主人翁 突破 安全 圈 依戀 勇敢 內心 想法 做出 呼應 行動面 選擇 下 所面 各種 挫折 用 正向 想法 突破 人生 不 於 獲得 於 經歷 人生 不 於 夢 於 實際 每個 人 經歷 生到 死 但 過程 中 樂章 撰 寫 譜 出來 我 而言 每 當 執行 於 夢 受到 困境 總會 想起 聽 聽 你 內心,人/n 安/v 於/nr 現在/t 生活/vn 未來/t 期許/v 以/p 現在/t 作為/v 基點/n 作/v 夢/n 書/n 中/f 主人翁/n 突破/vn 安全/an 圈/q 依戀/v 勇敢/a 內心/n 想法/v 做出/v 呼應/v 行動面/n 選擇/v 下/f 所面/c 各種/r 挫折/n 用/p 正向/d 想法/v 突破/vn 人生/n 不/d 於/nr 獲得/v 於/nr 經歷/n 人生/n 不/d 於/nr 夢/n 於/nr 實際/n 每個/r 人/n 經歷/n 生到/v 死/v 但/c 過程/n 中/f 樂章/n 撰/vg 寫/v 譜/v 出來/v 我/r 而言/c 每/r 當/p 執行/v 於/nr 夢/n 受到/v 困境/n 總會/n 想起/v 聽/v 聽/v 你/r 內心/n
0011032772_3_9,牧羊少年奇幻之旅,5.0,這是一本充滿勇氣的書，透過故事，你將學會相信自己，並且好好傾聽自己內心的聲音，你將瞭解到，沒人可以取代你，因為你是這世上，最特別的存在。,一本 充滿 勇氣 書 透過 故事 你 學 相信 好好 傾聽 內心 聲音 你 瞭解 沒人 取代 你 你 世上 特別 存在,一本/m 充滿/a 勇氣/a 書/n 透過/v 故事/n 你/r 學/v 相信/v 好好/d 傾聽/v 內心/n 聲音/n 你/r 瞭解/v 沒人/v 取代/v 你/r 你/r 世上/s 特別/d 存在/v
0011032772_3_10,牧羊少年奇幻之旅,5.0,「告訴你的心，害怕比起傷害本身更糟。 而且沒有一顆心會因為追求夢想而受傷，因為追尋過程中的每一片刻，都是和神與永恆的邂逅。」《節自書文》這個故事，嗯‧‧‧給我一種『很有希望』的感覺嗯‧‧就是這樣，很陽光、很正面的人生就是如此，由一個又一個的選擇所堆砌而成做了怎樣的選擇就承擔其後果，努力讓結果趨於圓滿在追求夢想的過程中或許我們將會失去些什麼、改變些什麼這些也就是讓我們得以成長的所在「當你真心渴望某些東西時，整個宇宙都會聯合起來幫助你完成它的。」《節自書本文句》該說是一種堅定的信念，還是意志上的念力當我們真心渴望著某些東西的時候自然而然地就會產生一股強而有力的能量這能量鞭策我們勇往直前、韃靼著我們跌倒了再爬起來的毅力過程中儘管風風雨雨、荊棘遍佈、坎坷難行那都只是為了讓我們更加體會獲得的可貴更加明瞭唯有堅持、毅力、信仰與勇氣才讓我們走上成功之路這個故事寓意很深，本質極優推薦給在生命中跌跌撞撞的普羅大眾這人生，其實是可以自己掌舵的‧‧‧,告訴 你 心 害怕 比起 傷害 本身 更糟 沒有 一顆 心會 追求 夢想 受傷 追尋 過程 中 每一 片刻 神 永恆 邂逅 節自 書文 故事 嗯 我 一種 很 希望 感覺 嗯 很 陽光 很 正面 人生 如此 由 選擇 所 堆砌 成做 選擇 承擔 其 後 果 努力 趨 於圓滿 追求 夢想 過程 中 失去 些 改變 些 得以 成長 所在 當 你 真心 渴望 東西 時 整個 宇宙 聯合 起來 幫助 你 完成 節 自書 本文 句 該 說 一種 堅定 信念 意志 上 念力 當 真心 渴望 東西 時候 自然而然 地 產生 一股 強 有力 能量 能量 鞭策 勇往直前 韃靼 跌倒 爬 起來 毅力 過 程中 儘 風 風 雨 雨 荊 棘 遍 佈 坎坷 難行 體會 獲得 可貴 明 瞭 唯有 堅持 毅力 信仰 勇氣 才 走上 成功之路 故事 寓意 很 深 本質 極優 推薦 生命 中 跌跌撞撞 普羅 大眾 人生 其 實是 掌舵,告訴/v 你/r 心/n 害怕/v 比起/v 傷害/a 本身/r 更糟/n 沒有/v 一顆/m 心會/n 追求/v 夢想/n 受傷/v 追尋/v 過程/n 中/f 每一/r 片刻/m 神/n 永恆/z 邂逅/v 節自/v 書文/n 故事/n 嗯/e 我/r 一種/m 很/d 希望/v 感覺/n 嗯/e 很/d 陽光/n 很/d 正面/ad 人生/n 如此/c 由/p 選擇/v 所/u 堆砌/v 成做/v 選擇/v 承擔/v 其/r 後/nr 果/ng 努力/ad 趨/v 於圓滿/nr 追求/v 夢想/n 過程/n 中/f 失去/v 些/q 改變/v 些/q 得以/v 成長/v 所在/b 當/p 你/r 真心/d 渴望/v 東西/ns 時/ng 整個/b 宇宙/n 聯合/v 起來/v 幫助/v 你/r 完成/v 節/n 自書/r 本文/r 句/q 該/r 說/v 一種/m 堅定/a 信念/n 意志/n 上/f 念力/n 當/p 真心/d 渴望/v 東西/ns 時候/n 自然而然/i 地/uv 產生/v 一股/m 強/a 有力/n 能量/n 能量/n 鞭策/n 勇往直前/i 韃靼/n 跌倒/v 爬/v 起來/v 毅力/n 過/ug 程中/nr 儘/zg 風/n 風/n 雨/n 雨/n 荊/nr 棘/ng 遍/q 佈/yg 坎坷/a 難行/v 體會/n 獲得/v 可貴/a 明/a 瞭/v 唯有/b 堅持/v 毅力/n 信仰/n 勇氣/n 才/d 走上/v 成功之路/i 故事/n 寓意/n 很/d 深/a 本質/n 極優/d 推薦/v 生命/vn 中/f 跌跌撞撞/z 普羅/nrt 大眾/n 人生/n 其/r 實是/d 掌舵/v
0011032772_3_11,牧羊少年奇幻之旅,5.0,入門好書:)我覺得一開始不愛看很多字的人可以讀讀。是個勇敢追夢的故事!生命給你的或許更艱難，但也更美好,入門 書 我 覺得 一 開始 不 愛 看 很多 字 人 讀讀 個 勇敢 追夢 故事 生命 你 艱難 但 美好,入門/ns 書/n 我/r 覺得/v 一/m 開始/v 不/d 愛/v 看/v 很多/m 字/n 人/n 讀讀/v 個/q 勇敢/a 追夢/v 故事/n 生命/vn 你/r 艱難/a 但/c 美好/a
0011032772_3_12,牧羊少年奇幻之旅,5.0,很久以前就想看的書現在才翻開來讀…有種～相見恨晚的感覺簡單的文字卻有很深的寓意值得反覆去翻閱咀嚼不要害怕去追尋希望、夢想、寶藏現在就開始去【行動】吧莫害怕去追逐此生的～天命當你/妳有初心肯行動不怕挫折整個宇宙都會聯合起來幫助你/妳的,很久以前 想看 書 現在 才 翻開 來讀 有種 相見 恨晚 感覺 簡單 文字 很 深 寓意 值得 反覆 去 翻閱 咀嚼 不要 害怕 去 追尋 希望 夢 寶藏 現在 開始 去 行動 害怕 去 追逐 此生 天命 當 你 妳有 初心 肯行 動 不怕 挫折 整個 宇宙 聯合 起來 幫助 你 妳,很久以前/l 想看/v 書/n 現在/t 才/d 翻開/v 來讀/v 有種/r 相見/v 恨晚/d 感覺/n 簡單/a 文字/n 很/d 深/a 寓意/n 值得/v 反覆/v 去/v 翻閱/v 咀嚼/v 不要/df 害怕/v 去/v 追尋/v 希望/v 夢/n 寶藏/ns 現在/t 開始/v 去/v 行動/n 害怕/v 去/v 追逐/v 此生/t 天命/nz 當/p 你/r 妳有/vn 初心/d 肯行/v 動/n 不怕/c 挫折/n 整個/b 宇宙/n 聯合/v 起來/v 幫助/v 你/r 妳/y
0011032772_3_13,牧羊少年奇幻之旅,5.0,牧羊少年所追逐的夢想，是經歷過各種艱難與苦難才能達成的，我們最缺少的大概就是勇氣吧！那點讓人去追逐夢想的勇氣。而故事中有位老人，他選擇了安逸的生活 而不去追逐夢想，他不後悔 卻也很後悔，因為他沒有去做他真正想做的事。看完這本書，讓我很想鼓勵別人，也想鼓勵自己，放膽去做，就算結果不是那麼的美好，也不要灰心！至少嘗試過了！有夢就要去追，不然人生還有什麼意義呢?,牧羊 少年 所 追逐 夢 經歷 過 各種 艱難與苦難 才能 達成 缺少 勇氣 點 人 去 追逐 夢想 勇氣 故事 中 位 老人 他 選擇 安逸 生活 不 去 追逐 夢 他 不 後 悔 很 後 悔 他 沒 去 做 他 真正 做 事 看 完 本書 我 很 鼓勵 別人 鼓勵 放 膽 去 做 不是 美好 不要 灰心 至少 嘗試 過 夢 就要 去 追 不然 人生 意義,牧羊/n 少年/m 所/c 追逐/v 夢/n 經歷/n 過/ug 各種/r 艱難與苦難/i 才能/v 達成/v 缺少/v 勇氣/n 點/q 人/n 去/v 追逐/v 夢想/n 勇氣/n 故事/n 中/f 位/q 老人/n 他/r 選擇/v 安逸/nr 生活/vn 不/d 去/v 追逐/v 夢/n 他/r 不/d 後/nr 悔/vg 很/d 後/nr 悔/vg 他/r 沒/d 去/v 做/v 他/r 真正/d 做/v 事/n 看/v 完/v 本書/r 我/r 很/d 鼓勵/v 別人/r 鼓勵/v 放/v 膽/n 去/v 做/v 不是/c 美好/a 不要/df 灰心/n 至少/d 嘗試/v 過/ug 夢/n 就要/d 去/v 追/v 不然/c 人生/n 意義/n
0011032772_3_14,牧羊少年奇幻之旅,5.0,或許我們都有夢想，只是沒有追逐夢想的勇氣。「告訴你的心，害怕比起傷害更糟。而且沒有一顆心會因為追求夢想而受傷，因為追尋過程的每一片刻，都是和神與永恆的邂逅。」我被封底這句話給吸引住了。還記得自己曾經也有過夢想，但是和大多數人一樣，沒有追逐夢想的勇氣，有些人，就算有勇氣，沒有堅持下去的毅力，也是枉然。每個人都有自己的天命，也就是夢想，只要真心渴望某樣東西時，整個宇宙都會聯合起來幫助你完成，所以放手去做吧！重要的是，從現在開始，對自己的夢想付諸行動，趁還年輕的時候，為了自己的目標勇敢一次！這就是每個人該試著為自己完成的「Maktub」！,夢 沒有 追逐 夢想 勇氣 告訴 你 心 害怕 比起 傷害 更糟 沒有 一顆 心會 追求 夢想 受傷 追尋 過程 每一 片刻 神 永恆 邂逅 我 封底 句 話 吸引住 記得 曾經 過 夢 大多 數人 沒有 追逐 夢想 勇氣 人 勇氣 沒有 堅持 下去 毅力 枉然 每個 人 天命 夢 真心 渴望 某樣 東西 時 整個 宇宙 聯合 起來 幫助 你 完成 放手去做 重要 現在 開始 夢 想付 諸 行動 趁 年輕 時候 目標 勇敢 一次 每個 人 該 試著 完成 Maktub,夢/n 沒有/v 追逐/v 夢想/n 勇氣/n 告訴/v 你/r 心/n 害怕/v 比起/v 傷害/a 更糟/n 沒有/v 一顆/m 心會/n 追求/v 夢想/n 受傷/v 追尋/v 過程/n 每一/r 片刻/m 神/n 永恆/z 邂逅/v 我/r 封底/t 句/q 話/n 吸引住/l 記得/v 曾經/d 過/ug 夢/n 大多/m 數人/n 沒有/v 追逐/v 夢想/n 勇氣/n 人/n 勇氣/n 沒有/v 堅持/v 下去/t 毅力/n 枉然/z 每個/r 人/n 天命/nz 夢/n 真心/d 渴望/v 某樣/r 東西/ns 時/ng 整個/b 宇宙/n 聯合/v 起來/v 幫助/v 你/r 完成/v 放手去做/i 重要/a 現在/t 開始/v 夢/n 想付/v 諸/r 行動/n 趁/v 年輕/a 時候/n 目標/n 勇敢/a 一次/m 每個/r 人/n 該/r 試著/v 完成/v Maktub/eng
0011032772_3_15,牧羊少年奇幻之旅,5.0,牧羊少年奇幻之旅這本書從我青少年時就閱讀過，那時讓我有感覺的是老王曾說的：「你必須永遠清楚你要的是什麼和當真心渴望某樣東西時，整個宇宙都會聯合起來幫助你完成。」在進入社會工作後也ㄧ直相信並努力著，的確獲益匪淺。在面臨喪夫之痛之後重讀繪本，當主人翁要告別法諦瑪上馬越過沙漠時煉金術士對他說不要去想遺留在你背後的一切，一切都已經被寫在天地之心裡了，而且它將永遠在那裡，我想起我先生，他已經在永恆的國度，而我跟孩子必須繼續向前走去，而此刻我必須傾聽我的心，因為我的心在哪？寶藏也在哪？我相信上帝對我們有個計劃，而我們就是回應我們的天命，向我們的奇幻之旅邁進,牧羊 少年 奇幻 之 旅 本書 我 青少年 時 閱讀 過 那時 我 有感 覺 老王 曾 說 你 永遠 清楚 你 當 真心 渴望 某樣 東西 時 整個 宇宙 聯合 起來 幫助 你 完成 進 入社 工作 後 ㄧ 直 相信 並 努力 確 獲益 匪淺在面臨喪夫之痛之 後 重讀 繪本 當 主人翁 告別 法諦 瑪 上 馬 過 沙漠 時煉金術士 他 說 不要 去 遺 留在 你 背 後 一切 一切 已經 寫 天地 之 心裡 永遠 我 想起 我 先生 他 已經 永恆 國度 我 孩子 繼續 向前走 去 此刻 我 傾聽 我 心 我 心 哪 寶藏 哪 我 相信 上帝 有個 計劃 回應 天命 奇幻 之 旅 邁進,牧羊/n 少年/m 奇幻/n 之/u 旅/n 本書/r 我/r 青少年/nr 時/ng 閱讀/v 過/ug 那時/r 我/r 有感/a 覺/v 老王/nr 曾/d 說/v 你/r 永遠/d 清楚/a 你/r 當/t 真心/d 渴望/v 某樣/r 東西/ns 時/ng 整個/b 宇宙/n 聯合/v 起來/v 幫助/v 你/r 完成/v 進/v 入社/n 工作/vn 後/nr ㄧ/x 直/d 相信/v 並/zg 努力/ad 確/d 獲益/v 匪淺在面臨喪夫之痛之/i 後/nr 重讀/v 繪本/n 當/p 主人翁/n 告別/v 法諦/n 瑪/nr 上/f 馬/n 過/ug 沙漠/n 時煉金術士/n 他/r 說/v 不要/df 去/v 遺/n 留在/v 你/r 背/v 後/nr 一切/r 一切/r 已經/d 寫/v 天地/n 之/u 心裡/s 永遠/d 我/r 想起/v 我/r 先生/n 他/r 已經/d 永恆/z 國度/n 我/r 孩子/n 繼續/v 向前走/nr 去/v 此刻/r 我/r 傾聽/v 我/r 心/n 我/r 心/n 哪/r 寶藏/n 哪/r 我/r 相信/v 上帝/n 有個/r 計劃/n 回應/v 天命/nz 奇幻/n 之/u 旅/n 邁進/v
0011032772_3_16,牧羊少年奇幻之旅,5.0,內容很令人發人深省，直白的故事裡藏有很多道理及想法在裡面，第一次讀過會覺得很像童話故事，但往往邊看會邊稍微想一下故事含有的意思，整本讀完後再讀一次，整個感覺又不同了。是本適合大眾所閱讀的書籍。,內容 很 令人 發人 深 省直 白 故事 裡 藏有 很多 道理 想法 裡面 第一次 讀 過 覺 得 很 像 童 話 故事 但 邊 看 邊 稍微 一下 故事 含有 意思 整本 讀 完 後 讀 一次 整個 感覺 不同 本 適合 大眾 所 閱讀 書籍,內容/n 很/d 令人/nrt 發人/n 深/a 省直/j 白/a 故事/n 裡/zg 藏有/b 很多/m 道理/n 想法/v 裡面/f 第一次/m 讀/v 過/ug 覺/v 得/ud 很/d 像/v 童/nr 話/n 故事/n 但/c 邊/d 看/v 邊/d 稍微/d 一下/m 故事/n 含有/v 意思/n 整本/n 讀/v 完/v 後/nr 讀/v 一次/m 整個/b 感覺/n 不同/a 本/r 適合/v 大眾/n 所/u 閱讀/v 書籍/n
0011032772_3_17,牧羊少年奇幻之旅,5.0,書中的用字淺顯易懂，適合各年齡層的讀者閱讀。在字裡行間中，細細品味，可以發現蘊含的象徵意義。插畫風格溫婉，與內文在配置方面十分融洽。,書 中 用字 淺顯 易懂 適合 各 年齡層 讀者 閱讀 字 裡 行間 中 細細 品味 發現 蘊含 象 徵 意義 插畫 風格 溫婉 內文 配置 方面 融洽,書/n 中/f 用字/n 淺顯/a 易懂/nr 適合/v 各/r 年齡層/n 讀者/n 閱讀/v 字/n 裡/f 行間/n 中/f 細細/z 品味/n 發現/v 蘊含/v 象/n 徵/g 意義/n 插畫/n 風格/n 溫婉/a 內文/n 配置/v 方面/n 融洽/v
0011032772_3_18,牧羊少年奇幻之旅,5.0,這本書我讀了多次，第一次閱讀時只覺得這是一本很棒的故事，並沒有沒有特別的強烈地感受。隨著時間的歷練，我也漸漸成長，最近再次拾書，我放慢速度細細重讀，覺得書中所描述的事情與我的生活相符，在年輕時會對未來感到迷惘，雖有夢想但礙於實際生活狀況是會產生些許畏懼，書中有很多句看似用來襯托故事情節的話，但卻有深深的力量去鼓舞那些追夢者。,本書 我 讀 多次 第一次 閱讀 時 只 覺得 一本 很棒 故事 並 沒有 沒有 特別 強烈 地 感受 隨著 時間 歷練 我 成長 最近 拾 書 我 放慢 速度 細細 重讀 覺得 書 中 所 描述 事情 我 生活 相符 年 輕 時會 未來 感到 迷惘 雖有 夢想 但 礙 於 實際 生活 狀況 產生 畏懼 書 中 很多 句 看似 用來 襯 托故 事情 節 話 但 深深 力量 去 鼓舞 追 夢者,本書/r 我/r 讀/v 多次/m 第一次/m 閱讀/v 時/ng 只/d 覺得/v 一本/m 很棒/a 故事/n 並/c 沒有/v 沒有/v 特別/d 強烈/a 地/uv 感受/v 隨著/v 時間/n 歷練/n 我/r 成長/v 最近/f 拾/v 書/n 我/r 放慢/v 速度/n 細細/a 重讀/v 覺得/v 書/n 中/f 所/u 描述/v 事情/n 我/r 生活/vn 相符/v 年/m 輕/a 時會/n 未來/t 感到/v 迷惘/a 雖有/c 夢想/n 但/c 礙/v 於/nr 實際/n 生活/vn 狀況/n 產生/n 畏懼/v 書/n 中/f 很多/m 句/q 看似/v 用來/v 襯/n 托故/n 事情/n 節/n 話/n 但/c 深深/b 力量/n 去/v 鼓舞/v 追/v 夢者/n
0011032772_3_19,牧羊少年奇幻之旅,5.0,這本書是我很久以前看的 最近又來回味一下看了一遍 至今已放在我書架上十幾年了我現在算年輕族群 在看這本書時 會抱有許多夢想及想像而且 我也算是一個牧羊人 在追逐著某些東西追逐到後來 真正想要的其實就在你身邊我推薦給迷失自我 一直想要追求名利跟金錢的人可以看看這本書 並且想想背後的涵義!對你幫助會很大!,本書 我 很久以前 看 最近 來 回味 一下 看 一遍 至今 已 放在 我書 架上 十幾年 我 現在 算 年 輕 族群 看 本書 時會 抱有 許多 夢想 想像 我 算是 牧羊人 追逐 東西 追逐 後 來 真正 想要 其實 你 身邊 我 推薦 迷失 自我 想要 追求名利 金錢 人 看看 本書 想想 背 後 涵義 你 幫助 很大,本書/r 我/r 很久以前/l 看/v 最近/f 來/v 回味/v 一下/m 看/v 一遍/m 至今/d 已/d 放在/v 我書/r 架上/s 十幾年/m 我/r 現在/t 算/v 年/m 輕/a 族群/n 看/v 本書/r 時會/n 抱有/v 許多/m 夢想/n 想像/v 我/r 算是/v 牧羊人/nr 追逐/v 東西/ns 追逐/v 後/nr 來/v 真正/d 想要/v 其實/d 你/r 身邊/s 我/r 推薦/v 迷失/v 自我/r 想要/v 追求名利/i 金錢/n 人/n 看看/v 本書/r 想想/v 背/v 後/nr 涵義/n 你/r 幫助/v 很大/a
0011032772_4_0,牧羊少年奇幻之旅,5.0,看完這部小說後，總會有一種說不出的激動，感覺又只回了那個自己，那些被自己遺忘的初衷，好似有股力量驅使你前進，更接近屬於自己的那個自己，常常有人會忘了找回自己的方法那便可以跟著故事裡的男孩，一起尋找，人生中追尋著的就是那些，說的我也有些迷茫了！不過人生中不就是在迷茫中尋找，尋找完漸漸又迷茫，就在這一來一往中，自己的輪廓會越來越清楚，男孩沒忘了國王告訴他的事，那些話讓他繼續完成他的旅途，而我們，也可以記著那話，當遇到令人分心的事時，想想那些話，或許能讓你繼續向前，而不讓你在一團迷霧中迷失。你還記得那些令你瘋狂，想得到的東西嗎?你有拚盡全力嗎?沒有的話那就開始想想屬於你的寶藏會在哪裡，踏上找尋寶藏的路途，跟著牧羊的男孩一起踏上路程，帶著你的決心，沒有什麼好擔心的，更何況全宇宙的人都在幫你，你不要忘了！人生的目標界是不斷的尋找，尋找過去，尋找未來，才能成就現在的你，才會是真正最完整的自己，不要害怕，現在好好回想起那被自己遺忘的初衷，朝著自己尋找的未來前進吧！,看完 這部 小 說 後 總會 一種 說 不出 激動 感覺 只 回 遺忘 初衷 好似 股 力量 驅使 你 前進 接近 屬 於 有人 忘 找回 方法 便 跟著 故事 裡 男孩 一起 尋找 人生 中 追 尋著 說 我 迷茫 人生 中 不 迷茫 中 尋找 尋找 完 迷茫 一來 一往 中 輪廓 越來越 清楚 男孩 沒 忘 國王 告訴 他 事 話 他 繼續 完成 他 旅途 記著 那話 當 遇到 令人 分心 事 時 想想 話 你 繼續 向前 不 你 一團 迷霧 中 迷失 你 記得 令 你 瘋狂 想得到 東西 你 拚盡 全力 沒有 話 開始 想想 屬 於 你 寶藏會 哪裡 踏上 找 尋寶藏 路途 跟著 牧羊 男孩 一起 踏上 路程 帶著 你 決心 沒有 擔心 全宇宙 人 幫 你 你 不要 忘 人生 目標界 尋找 尋找 過去 尋找 未來 才能 成就 現在 你 才 真正 完整 不要 害怕 現在 好好 回 想起 遺忘 初衷 朝著 尋找 未來 前 進,看完/v 這部/r 小/a 說/v 後/nr 總會/n 一種/m 說/v 不出/v 激動/a 感覺/n 只/d 回/v 遺忘/a 初衷/d 好似/v 股/q 力量/n 驅使/v 你/r 前進/v 接近/v 屬/v 於/nr 有人/r 忘/v 找回/v 方法/n 便/d 跟著/v 故事/n 裡/f 男孩/n 一起/m 尋找/v 人生/n 中/f 追/v 尋著/v 說/v 我/r 迷茫/z 人生/n 中/f 不/d 迷茫/z 中/f 尋找/v 尋找/v 完/v 迷茫/z 一來/d 一往/d 中/f 輪廓/n 越來越/d 清楚/a 男孩/n 沒/d 忘/v 國王/n 告訴/v 他/r 事/n 話/n 他/r 繼續/v 完成/v 他/r 旅途/n 記著/v 那話/r 當/t 遇到/v 令人/nrt 分心/v 事/n 時/ng 想想/v 話/n 你/r 繼續/v 向前/t 不/d 你/r 一團/m 迷霧/n 中/f 迷失/v 你/r 記得/v 令/v 你/r 瘋狂/a 想得到/v 東西/n 你/r 拚盡/v 全力/n 沒有/v 話/n 開始/v 想想/v 屬/v 於/nr 你/r 寶藏會/n 哪裡/r 踏上/v 找/v 尋寶藏/nr 路途/n 跟著/v 牧羊/n 男孩/n 一起/m 踏上/v 路程/n 帶著/v 你/r 決心/n 沒有/v 擔心/v 全宇宙/nr 人/n 幫/v 你/r 你/r 不要/df 忘/v 人生/n 目標界/n 尋找/v 尋找/v 過去/t 尋找/v 未來/t 才能/v 成就/n 現在/t 你/r 才/d 真正/d 完整/a 不要/df 害怕/v 現在/t 好好/d 回/v 想起/v 遺忘/a 初衷/d 朝著/v 尋找/v 未來/t 前/f 進/v
0011032772_4_1,牧羊少年奇幻之旅,5.0,「沒有一顆心會因為追求夢想而受傷。」看完了這本書，這句話最讓我動心；追尋自己的夢想，靠自己的努力拿到的果實最美也最甜。書中男主角沒有聽從他父母的期望成為一位神父，但是他尋著他渴望的理想當了一名牧羊人，因為一個奇特的夢讓他步上奇幻的旅程，在一名解夢者和一位老國王的激勵下，他踏出了腳步前往了未知的世界，一個奇怪的契機讓他勇敢尋夢，經過了一連串的挫折和成長，他找到了他要的收穫，也遇到了他一生可以珍惜的人。在他勇敢踏出腳步的同時，就正是現在人所缺少的勇敢，大家都怕失敗、挫折、一無所有或是一無所獲，大家都想得到努力後的成果，但是卻又害怕得到反效果，而遲遲不敢邁開步伐；相反的有人鼓起勇氣踏出了腳步，在這時他已經贏過了自己，但是卻半途而廢，「一個人往往渴死在棕櫚樹已經出現在地平線上時。」這也是再這本書裡學到的另一個點，如果再堅持一下，想必成果會更不同。「生命對於那些勇於實現天命的人總是慷慨的。」因為比起那些一直停留在原地的人，勇敢抬頭挺胸，實現自己理想、夢想的人更好，不放棄的人嚐到了果實，「這股力量看似負面，時則引導你去完成你的天命。它能淬煉你的精神、砥礪你的願力，因為這是這個星球上最偉大的真理：不管你是誰，也不論那是甚麼，只要你真心渴望一樣東西，就放手去做，因為渴望是源自於天地之心；因為那界是你來到這世間的任務。」這篇是我曾經在三漁網投搞過的文章如果可以讓更多人看到我會很開心 謝謝:),沒有 一顆 心會 追求 夢想 受傷 看完 本書 句 話 我 動心 追尋 夢 努力 拿到 果實 最美 最甜 書 中 男主角 沒有 聽 他 父母 期望 成為 一位 神父 他 尋著 他 渴望 理想 當了 一名 牧羊人 奇特 夢 他 步 上 奇幻 旅程 一名 解夢者 一位 老國王 激勵 下 他 踏出 腳步 前往 未知 世界 奇怪 契機 他 勇敢 尋夢 一連 串 挫折 成長 他 找到 他 收 穫 遇到 他 一生 珍惜 人 他 勇敢 踏出 腳步 現在 人所 缺少 勇敢 大家 怕 失敗 挫折 一 無 所有 或是 一無所獲 大家 想得到 努力 後 成果 害怕 得到 反 效果 遲遲 不敢 邁開 步伐 有人 鼓起 勇氣 踏出 腳步 這時 他 已經 贏 過 半途而 廢 人 渴死 棕櫚樹 已經 出現 地平線 上 時 本書 裡 學到 另 一個點 堅持 一下 想必 成果 不同 生命 於 勇 於 實現 天命 人 總 慷慨 比起 停留 原地 人 勇敢 抬頭 挺胸 實現 理想 夢想 人 更好 不 放棄 人 嚐到 果實 這股 力量 看似 負面 時則 引導 你 去 完成 你 天命 淬煉 你 精神 砥 礪 你 願力 星球 上 偉大 真理 你 誰 不論 甚麼 你 真心 渴望 東西 放手去做 渴望 源自 於 天地 之 心 那界 你 來 世間 任務 篇 我 曾經 三 漁網 投 搞 過 文章 人 看到 我 很 開心 謝謝,沒有/v 一顆/m 心會/n 追求/v 夢想/n 受傷/v 看完/v 本書/r 句/q 話/n 我/r 動心/n 追尋/v 夢/n 努力/ad 拿到/v 果實/d 最美/a 最甜/a 書/n 中/f 男主角/n 沒有/v 聽/v 他/r 父母/n 期望/v 成為/v 一位/m 神父/n 他/r 尋著/v 他/r 渴望/v 理想/n 當了/p 一名/m 牧羊人/nr 奇特/nz 夢/n 他/r 步/q 上/f 奇幻/n 旅程/n 一名/m 解夢者/nr 一位/m 老國王/nr 激勵/v 下/f 他/r 踏出/v 腳步/n 前往/t 未知/v 世界/n 奇怪/v 契機/n 他/r 勇敢/a 尋夢/v 一連/d 串/v 挫折/n 成長/v 他/r 找到/v 他/r 收/v 穫/zg 遇到/v 他/r 一生/m 珍惜/a 人/n 他/r 勇敢/a 踏出/v 腳步/n 現在/t 人所/n 缺少/v 勇敢/a 大家/n 怕/v 失敗/v 挫折/n 一/m 無/v 所有/b 或是/c 一無所獲/i 大家/n 想得到/v 努力/ad 後/nr 成果/n 害怕/v 得到/v 反/zg 效果/n 遲遲/d 不敢/d 邁開/v 步伐/n 有人/r 鼓起/v 勇氣/n 踏出/v 腳步/n 這時/r 他/r 已經/d 贏/v 過/ug 半途而/i 廢/v 人/n 渴死/v 棕櫚樹/n 已經/d 出現/v 地平線/n 上/f 時/ng 本書/n 裡/f 學到/v 另/r 一個點/m 堅持/v 一下/m 想必/d 成果/n 不同/a 生命/vn 於/nr 勇/n 於/nr 實現/v 天命/nz 人/n 總/b 慷慨/a 比起/v 停留/v 原地/n 人/n 勇敢/a 抬頭/v 挺胸/v 實現/v 理想/n 夢想/n 人/n 更好/d 不/d 放棄/v 人/n 嚐到/vn 果實/d 這股/r 力量/n 看似/v 負面/n 時則/n 引導/v 你/r 去/v 完成/v 你/r 天命/nz 淬煉/v 你/r 精神/n 砥/ng 礪/ng 你/r 願力/n 星球/n 上/f 偉大/a 真理/n 你/r 誰/r 不論/c 甚麼/r 你/r 真心/d 渴望/v 東西/f 放手去做/i 渴望/v 源自/v 於/nr 天地/n 之/u 心/n 那界/r 你/r 來/v 世間/n 任務/n 篇/q 我/r 曾經/d 三/m 漁網/n 投/v 搞/v 過/ug 文章/n 人/n 看到/v 我/r 很/d 開心/v 謝謝/v
0011032772_4_2,牧羊少年奇幻之旅,4.0,這是一本很具意義的書，隨著心態的不同，閱讀的心得也會跟著改變。有多久不曾想起自己曾經的夢想了呢？是什麼讓我們失去了追逐夢想的動力？看完之後我不禁重新思考這些問題。,一本 很具 意義 書 隨著 心態 不同 閱讀 心得 跟著 改變 多久 不曾 想起 曾經 夢 失去 追逐 夢想 動力 看完 之 後 我 重新 思考 問題,一本/m 很具/m 意義/n 書/n 隨著/v 心態/n 不同/a 閱讀/v 心得/v 跟著/v 改變/v 多久/m 不曾/d 想起/v 曾經/d 夢/n 失去/v 追逐/v 夢想/n 動力/n 看完/v 之/u 後/nr 我/r 重新/a 思考/v 問題/n
0011032772_4_3,牧羊少年奇幻之旅,5.0,這本書真的是有它的深度，面對每天充忙的生活，你是不是忘記了努力工作的理由？是不是小時候都有著一個夢想但至今有能力了，確沒有實現，這是為什麼？打開這本書跟著牧羊少年的腳步，你會發現自己或許就是故事中出現的某個角色，同時也能發現自己的盲點所在，好書不推薦不行！,本書 真的 深度 面 每天 充忙 生活 你 是不是 忘記 努力 工作 理由 是不是 小 時候 有著 夢想 但 至今 能力 了確 沒有 實現 打開 本書 跟著 牧羊 少年 腳步 你 發現 故事 中 出現 某個 角色 發現 盲點 所在 書 不 推薦 不行,本書/r 真的/d 深度/ns 面/n 每天/r 充忙/ad 生活/vn 你/r 是不是/l 忘記/v 努力/ad 工作/vn 理由/n 是不是/l 小/a 時候/n 有著/v 夢想/n 但/c 至今/d 能力/n 了確/a 沒有/v 實現/v 打開/v 本書/r 跟著/v 牧羊/n 少年/m 腳步/n 你/r 發現/v 故事/n 中/f 出現/v 某個/r 角色/n 發現/v 盲點/n 所在/b 書/n 不/d 推薦/v 不行/v
0011032772_4_4,牧羊少年奇幻之旅,5.0,很好看。淺顯易懂且不厚。從幾年前買來到現在看了十幾遍了，隨著年齡不同，求學時、畢業後、就業了一段日子，每次看每次都有新的體會，是本值得買來收藏的好書,很 好看 淺顯 易懂 且 不厚 幾 年前 買來 現在 看 十幾遍 隨著 年齡 不同 求學 時 畢 業 後 就業 一段 日子 每次 看 每次 新 體會 本 值得 買來 收藏 書,很/zg 好看/v 淺顯/a 易懂/nr 且/c 不厚/a 幾/m 年前/t 買來/v 現在/t 看/v 十幾遍/m 隨著/v 年齡/n 不同/a 求學/v 時/ng 畢/vg 業/ng 後/nr 就業/v 一段/m 日子/n 每次/r 看/v 每次/r 新/a 體會/n 本/r 值得/v 買來/v 收藏/v 書/n
0011032772_4_5,牧羊少年奇幻之旅,5.0,在前往夢想的路上，上天想知道你有多想完成它，因此一路上的考驗不斷，而人總是在差一步就快要到達之際而放棄了。但其實上天是仁慈的，祂會不斷地給你暗示，在你要放棄之際讓你看見預兆，讓你抱著希望，堅定地往夢想前進。,前往 夢想 路上 上天 知道 你 完成 一路上 考驗 人 總 差 一步 快要 達 之際 放棄 但其 實 上天 仁慈 祂 不 斷 地 你 暗示 你 放棄 之際 你 看見 預兆 你 抱著 希望 堅定 地 往 夢想 前 進,前往/t 夢想/n 路上/s 上天/t 知道/v 你/r 完成/v 一路上/l 考驗/vn 人/n 總/b 差/n 一步/m 快要/d 達/v 之際/f 放棄/v 但其/c 實/v 上天/t 仁慈/nr 祂/y 不/d 斷/v 地/uv 你/r 暗示/v 你/r 放棄/v 之際/f 你/r 看見/v 預兆/n 你/r 抱著/v 希望/v 堅定/a 地/uv 往/p 夢想/n 前/f 進/v
0011032772_4_6,牧羊少年奇幻之旅,4.0,簡單的故事架構，但是很經典,簡單 故事 架構 很經 典,簡單/a 故事/n 架構/n 很經/d 典/n
0011032772_4_7,牧羊少年奇幻之旅,5.0,滿足小讀者的許多夢想，好像自己真的去過這些地方，次次都有脫逃的辦法。,滿 足 小 讀者 許多 夢 真的 去過 地方 次次 脫逃 辦法,滿/a 足/a 小/a 讀者/n 許多/m 夢/n 真的/d 去過/vq 地方/n 次次/t 脫逃/v 辦法/n
0011032772_4_8,牧羊少年奇幻之旅,5.0,"\’牧羊少年的奇幻之旅\’是非常適合各年齡層朋友閱\讀,尤其是青少年朋友,愈早開始閱\讀,所受到的啟發愈早愈好,因為更能感受到人生旅途的精采,看似危險的處境但其中暗藏甜美的果實,不要害怕困難險惡的到來,如果遇到了,那恭喜伱離目標夢想不遠了",牧羊 少年 奇幻 之 旅 非常 適合 各 年 齡 層 朋友 閱讀 青少年 朋友 愈早 開始 閱讀 所 受到 啟發 愈早 愈 感受 人生旅途 精采 看似 危險 處境 但 其中 暗藏 甜美 果實 不要 害怕 困難 險惡 來 遇到 恭喜 伱 目 標 夢 不 遠,牧羊/n 少年/m 奇幻/n 之/u 旅/n 非常/d 適合/v 各/r 年/m 齡/ng 層/q 朋友/n 閱讀/v 青少年/nr 朋友/n 愈早/d 開始/v 閱讀/v 所/u 受到/v 啟發/v 愈早/d 愈/d 感受/v 人生旅途/n 精采/v 看似/v 危險/an 處境/n 但/c 其中/r 暗藏/v 甜美/a 果實/d 不要/df 害怕/v 困難/an 險惡/a 來/v 遇到/v 恭喜/a 伱/yg 目/q 標/v 夢/n 不/d 遠/a
0011032772_4_9,牧羊少年奇幻之旅,4.0,我記得在高中畢業的前夕，和英文老師聊天之際，談到了我的未來。高中懵懂的我，不知道怎麼面對未來那無知的世界，老師就介紹了這本書給我讀。或許\還不到增長智慧的時候，那時的我草草的看完了這本書，也沒留下什麼特別的心得。五年後的我偶然再次拿起這本書細細品味，讀出了書中的奧妙寓意，也明白了心中的「天命」！更想起了宮崎駿的一部動畫，霍爾的移動城堡，也是要我們尋找最真的那一顆心時，我才看懂那部動畫真正的意思，希望有更多人看到這本書後，那更昇華自己那顆迷茫的心！,我 記得 高中 畢業 前夕 英文 老師 聊天 之際 談到 我 未來 高中 懵懂 我 不 知道 面 未來 無知 世界 老師 介紹 本書 我 讀 不到 增長 智慧 時候 那時 我 草草 看完 本書 沒 留下 特別 心得 五年 後 我 偶然 拿起 本書 細細 品味 讀出 書 中 奧妙 寓意 明白 心中 天命 想起 宮崎駿 一部 動畫 霍爾 移動 城堡 尋找 真的 一顆 心 時 我 才 看 懂 部動畫 真正 意思 希望 人 看到 本書 後 那更 昇 華 顆 迷茫 心,我/r 記得/v 高中/s 畢業/n 前夕/f 英文/nz 老師/n 聊天/nz 之際/f 談到/v 我/r 未來/t 高中/s 懵懂/v 我/r 不/d 知道/v 面/n 未來/t 無知/v 世界/n 老師/n 介紹/v 本書/r 我/r 讀/v 不到/v 增長/v 智慧/nr 時候/n 那時/r 我/r 草草/n 看完/v 本書/r 沒/v 留下/v 特別/d 心得/v 五年/t 後/nr 我/r 偶然/d 拿起/v 本書/r 細細/a 品味/n 讀出/v 書/n 中/f 奧妙/nr 寓意/n 明白/nr 心中/s 天命/nz 想起/v 宮崎駿/nr 一部/m 動畫/n 霍爾/nr 移動/vn 城堡/ns 尋找/v 真的/d 一顆/m 心/n 時/ng 我/r 才/d 看/v 懂/v 部動畫/n 真正/d 意思/n 希望/v 人/n 看到/v 本書/r 後/nr 那更/nr 昇/zg 華/j 顆/q 迷茫/z 心/n
0011032772_4_10,牧羊少年奇幻之旅,5.0,這是一本很精彩的勵志文學，其實書中並沒有強調或是有明顯的字眼提到大道理，只有從人物對話與牧羊少年在尋寶過程中所遇到的大小事物來讓讀者深思自己的人生。一開始在看這本書時，根本不知道它是一本勵志書，還以為它只是一本普通的故事小說，但越看故事中的情節越覺得好像會有許\多的正面想法與感受出現。書中少年遇到了許\多的阻礙，但他堅持走下去，現實生活中每個人都有夢想，但卻不見得每個人都會有堅持下去的勇氣，或許\還在躊躇不前的人可以看這本書使自己下定決心，而我也知道自己未來...一定會再次的翻開這本書-從頭到尾在讀過一遍:),一本 很 精彩 勵志 文學 其 實書 中 並 沒有 強調 或是 明顯 字眼 提到 大道理 人物 話 牧羊 少年 尋寶 過程 中 所 遇到 大小 事物 來 讀者 深思 人生 一 開始 看 本書 時 根本 不 知道 一本 勵志書 還以 一本 普通 故事 小說 但 看 故事 中 情節 覺得 許多 正面 想法 感受 出現 書 中 少年 遇到 許多 阻礙 但 他 堅持 走 下去 現實 生活 中 每個 人 夢 但 不 見 得 每個 人 堅持 下去 勇氣 躊躇不前 人 看 本書 使 下定 決心 我 知道 未來 翻開 本書 頭 尾 讀 過 一遍,一本/m 很/zg 精彩/n 勵志/n 文學/n 其/r 實書/n 中/f 並/c 沒有/v 強調/v 或是/c 明顯/a 字眼/n 提到/v 大道理/n 人物/n 話/n 牧羊/n 少年/m 尋寶/nr 過程/n 中/f 所/u 遇到/v 大小/b 事物/n 來/v 讀者/n 深思/n 人生/n 一/m 開始/v 看/v 本書/r 時/n 根本/a 不/d 知道/v 一本/m 勵志書/nr 還以/c 一本/m 普通/nz 故事/n 小說/n 但/c 看/v 故事/n 中/f 情節/n 覺得/v 許多/m 正面/ad 想法/v 感受/v 出現/v 書/n 中/f 少年/m 遇到/v 許多/m 阻礙/n 但/c 他/r 堅持/v 走/v 下去/t 現實/n 生活/vn 中/f 每個/r 人/n 夢/n 但/c 不/d 見/v 得/ud 每個/r 人/n 堅持/v 下去/t 勇氣/n 躊躇不前/i 人/n 看/v 本書/r 使/v 下定/v 決心/n 我/r 知道/v 未來/t 翻開/v 本書/r 頭/n 尾/n 讀/v 過/ug 一遍/m
0011032772_4_11,牧羊少年奇幻之旅,5.0,看完這本書，留在我心中的只有”天命”而我知道全宇宙都會幫我實現這個天命。牧羊少年奇幻之旅是一本很精彩的勵志文學，書中並不強調人生的大道理，卻藉由人物對話、小故事將感動人心的話語刻印在讀者心中...像書中所說，我知道我不是受害者，而是一名人生的探險家。,看完 本書 留在 我 心中 天命 我 知道 全宇宙 幫 我 實現 天命 牧羊 少年 奇幻 之 旅 一本 很 精彩 勵志 文學書 中 並 不強 調 人生 大道理 藉由 人物 話 小 故事 感動 人心 話語 刻印 讀者 心中 像 書 中 所說 我 知道 我 不是 受害者 一名 人生 探險家,看完/v 本書/r 留在/v 我/r 心中/s 天命/nz 我/r 知道/v 全宇宙/nr 幫/v 我/r 實現/v 天命/nz 牧羊/n 少年/m 奇幻/n 之/u 旅/n 一本/m 很/zg 精彩/n 勵志/n 文學書/n 中/f 並/c 不強/v 調/vn 人生/n 大道理/n 藉由/nr 人物/n 話/n 小/a 故事/n 感動/v 人心/n 話語/n 刻印/v 讀者/n 心中/s 像/v 書/n 中/f 所說/c 我/r 知道/v 我/r 不是/c 受害者/n 一名/m 人生/n 探險家/n
0011032772_4_12,牧羊少年奇幻之旅,5.0,"帶給我很多力量的一本書, \""心\"" 永遠是關鍵.",帶 我 很多 力量 一本 書心 永遠 關鍵,帶/v 我/r 很多/m 力量/n 一本/m 書心/n 永遠/d 關鍵/n
0011032772_4_13,牧羊少年奇幻之旅,5.0,十年前買的『諸葛亮教你的人生十堂課』這本書，最近重新閱\讀，發現作者強力推薦『牧羊少年的奇幻之旅』，搜尋後看到很多人的書評就趕快買下來。一收到書，看到繪圖的恩佐，又是十年前買『我的心在左邊』的作者....一連串的『預兆』，就像『Maktub』--(書中阿拉伯人說的『註定』。)我十年前買的二本書，就像是書上寫的『烏陵和土明』這二顆寶石阿!!!正在歷經人生轉折的我，就像面對未知一樣需要勇氣與預兆。不要因為挫折而失去我們原有的信念，去尋寶吧~這是一趟奇幻之旅，能有什麼損失呢?,十年 前買 諸葛亮 教 你 人生 十堂 課 本書 最近 重新 閱讀 發現 作者 強 力推 薦 牧羊 少年 奇幻 之 旅 搜 尋 後 看到 很多 人 書評 趕快 買 下來 一 收到 書 看到 繪圖 恩佐 十年 前 買 我 心 左邊 作者 一連 串 預兆 像 Maktub 書 中 阿拉伯人 說的 註 定 我 十年 前買 二本 書 像是 書 上 寫 烏陵 土明 二顆 寶石 阿 正在 歷經 人生 轉折 我 像 面 未知 需要 勇氣 預兆 不要 挫折 失去 原有 信念 去 尋 寶 一趟 奇幻 之 旅 損失,十年/m 前買/v 諸葛亮/nr 教/v 你/r 人生/n 十堂/m 課/n 本書/r 最近/f 重新/a 閱讀/v 發現/v 作者/n 強/zg 力推/v 薦/x 牧羊/n 少年/m 奇幻/n 之/u 旅/n 搜/v 尋/v 後/nr 看到/v 很多/m 人/n 書評/n 趕快/d 買/v 下來/v 一/m 收到/v 書/zg 看到/v 繪圖/n 恩佐/nr 十年/m 前/f 買/v 我/r 心/n 左邊/f 作者/n 一連/d 串/v 預兆/n 像/v Maktub/eng 書/n 中/f 阿拉伯人/nrt 說的/b 註/yg 定/v 我/r 十年/m 前買/v 二本/ns 書/n 像是/v 書/n 上/f 寫/v 烏陵/n 土明/n 二顆/m 寶石/nr 阿/nr 正在/t 歷經/d 人生/n 轉折/v 我/r 像/v 面/n 未知/v 需要/v 勇氣/n 預兆/n 不要/df 挫折/n 失去/v 原有/v 信念/n 去/v 尋/v 寶/n 一趟/m 奇幻/n 之/u 旅/n 損失/v
0011032772_4_14,牧羊少年奇幻之旅,5.0,能夠引人深思，進而探討屬於自己生命的目標。並且能從中體悟到許\多道理。插圖清新也有加分效果。值得購買且一看再看。在不同階段閱\讀又另有不同感受！！！,能夠 引人深思 進而 探討 屬 於 生命 目標 中體 悟 許多 道理 插圖 清新 有加 分 效果 值得 購買 且 一看再看 不同 階段 閱讀 另 不同 感受,能夠/v 引人深思/i 進而/c 探討/v 屬/v 於/nr 生命/vn 目標/n 中體/n 悟/v 許多/m 道理/n 插圖/v 清新/a 有加/v 分/v 效果/n 值得/v 購買/v 且/c 一看再看/l 不同/a 階段/n 閱讀/v 另/r 不同/a 感受/v
0011032772_4_15,牧羊少年奇幻之旅,5.0,很正面也很精采的一本書！其實我在一年多前就看完這本書了，只是遲遲沒有寫出書評。我喜歡故事中安排的情結及對話，會讓我覺得人生又充滿了希望，充滿了去面對未來的勇氣。雖然內容有些虛幻，一開始看有點不懂，但是越到後面就越精采，心情也跟著內容起起伏伏，很平淡卻很有厚度，我真的很佩服這位作者。誠心的推薦給所有讀者，讀完它之後你會改變許\多舊有的想法，甚至充滿源源不絕的正面思想。,很 正面 很精采 一本 書 其實 我 一年 前 看 完 本書 遲遲 沒有 寫出 書評 我 喜歡 故事 中 安排 情結 話 我 覺得 人生 充滿 希望 充滿 去 面 未來 勇氣 內容 虛幻 一 開始 看有 點 不 懂 後 面 精采 心情 跟著 內容 起起伏伏 很 平淡 很 厚度 我 真的 很 佩服 這位 作者 誠心 推薦 所有 讀者 讀完 之 後 你 改變 許多 舊 想法 充滿 源源 不絕 正面 思想,很/zg 正面/ad 很精采/n 一本/m 書/n 其實/d 我/r 一年/m 前/f 看/v 完/v 本書/r 遲遲/d 沒有/v 寫出/v 書評/n 我/r 喜歡/v 故事/n 中/f 安排/v 情結/n 話/n 我/r 覺得/v 人生/n 充滿/v 希望/v 充滿/v 去/v 面/n 未來/t 勇氣/n 內容/n 虛幻/n 一/m 開始/v 看有/v 點/q 不/d 懂/v 後/nr 面/n 精采/v 心情/n 跟著/v 內容/n 起起伏伏/v 很/zg 平淡/a 很/d 厚度/n 我/r 真的/d 很/zg 佩服/v 這位/rz 作者/n 誠心/a 推薦/v 所有/b 讀者/n 讀完/v 之/u 後/nr 你/r 改變/v 許多/m 舊/a 想法/v 充滿/a 源源/n 不絕/v 正面/ad 思想/n
0011032772_4_16,牧羊少年奇幻之旅,5.0,第一次看這本書時正要去做當兵的體檢原以為就這樣順利的當兵順利出來找工作但事與願違 延畢後努力考上研究所準備研究所的期間 有種當你專注時全宇宙都會來幫助你的感覺如今 正在軍中服役又拾起牧羊少年重新品味果真又有不同想法與感受我也在尋找自己的寶藏 往目標去前進祝福大家也都能完成自己的夢想,第一次 看 本書 時 正要 去 做 當 兵 體檢原 以為 順利 當兵 順利 出來 找 工作 但 事 願違 延畢 後 努力 考上 研究所 準備 研究所 期間 有種 當 你 專注 時 全宇宙 來 幫助 你 感覺 如今 正在 軍 中 服役 拾起 牧羊 少年 重新 品味 果真 不同 想法 感受 我 尋找 寶藏 往 目標 去前 進 祝福 大家 完成 夢,第一次/m 看/v 本書/r 時/n 正要/a 去/v 做/v 當/p 兵/n 體檢原/n 以為/c 順利/ad 當兵/n 順利/ad 出來/v 找/v 工作/vn 但/c 事/n 願違/v 延畢/v 後/nr 努力/ad 考上/v 研究所/n 準備/v 研究所/n 期間/f 有種/r 當/p 你/r 專注/v 時/n 全宇宙/nr 來/v 幫助/v 你/r 感覺/n 如今/t 正在/t 軍/n 中/f 服役/n 拾起/v 牧羊/n 少年/m 重新/a 品味/n 果真/d 不同/a 想法/v 感受/v 我/r 尋找/v 寶藏/n 往/p 目標/n 去前/t 進/v 祝福/nr 大家/n 完成/v 夢/n
0011032772_4_17,牧羊少年奇幻之旅,5.0,用簡單的言語帶出深遠的哲理一本能令人活出彩色人生的好書讓人勇敢的追尋夢想更確定自己的目標有太多值得一看在看反覆思考的名言佳句是年輕人必看的勵志小說btw恩佐的插圖非常有意境喔!,用 簡單 言語 帶出 深遠 哲理 一本 令人 活 出 彩色 人生 書 人 勇敢 追尋 夢想 確定 目標 太 值得一看 看 反覆 思考 名言 佳句 年 輕 人 必 看 勵志 小 說 btw 恩佐 插圖 非常 意境,用/p 簡單/a 言語/n 帶出/v 深遠/a 哲理/n 一本/m 令人/nrt 活/vn 出/v 彩色/n 人生/n 書/n 人/n 勇敢/a 追尋/v 夢想/n 確定/v 目標/n 太/d 值得一看/l 看/v 反覆/v 思考/v 名言/n 佳句/n 年/m 輕/a 人/n 必/d 看/v 勵志/n 小/a 說/v btw/eng 恩佐/nr 插圖/n 非常/d 意境/n
0011032772_4_18,牧羊少年奇幻之旅,5.0,這是一本很棒的書讓原本放棄夢想的我哭得淚\流滿面現在我正在追尋夢想的路上你呢?如果對實踐夢想游移不定的話你一定要看這本書!,一本 很棒 書 原本 放棄 夢想 我 哭 得 淚 流滿 面現 我 正在 追尋夢想 路上 你 實踐 夢 游移不定 的話 你 看 本書,一本/m 很棒/a 書/n 原本/n 放棄/v 夢想/n 我/r 哭/v 得/ud 淚/n 流滿/v 面現/v 我/r 正在/t 追尋夢想/i 路上/s 你/r 實踐/v 夢/n 游移不定/i 的話/u 你/r 看/v 本書/r
0011032772_4_19,牧羊少年奇幻之旅,5.0,最近覺得未來很渺茫，同學推薦我看這本書，我覺得很棒。使我有勇氣追尋自己的夢，雖然我能想見未來是如此的黑暗，不過我相信在黑暗的最深處代表黎明即將出現。,最近 覺得 未來 很 渺茫 同學 推薦 我 看 本書 我 覺得 很棒 使 我 勇氣 追尋 夢 我 想見 未來 如此 黑暗 我 相信 黑暗 最深 處 代表 黎明 即 出現,最近/f 覺得/v 未來/t 很/d 渺茫/a 同學/n 推薦/v 我/r 看/v 本書/r 我/r 覺得/v 很棒/a 使/v 我/r 勇氣/n 追尋/v 夢/n 我/r 想見/v 未來/t 如此/c 黑暗/z 我/r 相信/v 黑暗/z 最深/d 處/x 代表/n 黎明/nr 即/v 出現/v
0011032772_5_0,牧羊少年奇幻之旅,5.0,值得一看再看。不同時期看這本書也會有不同的體會。,值得 一看再看 不同 時期 看 本書 不同 體會,值得/v 一看再看/l 不同/a 時期/n 看/v 本書/r 不同/a 體會/n
0011032772_5_1,牧羊少年奇幻之旅,5.0,"事隔五年之久, 尤記得那年當我閣讀完本書之後的那種觸動心靈的感覺(當時我不是看繪本版的), 從來沒有一本書可以讓我重複閱讀數篇仍然津津槳道, 它醞含了濃宿緊致的哲學味道, 讓讀者暖暖在心頭, 它對我人生的啟發亦遠比小王子來得震撼. 極力推薦給大家, 這是書架上不可缺少的一本書.",事隔 五年 之久 尤 記得 那年 當 我 閣 讀 完本 書 之 後 那種 觸動心靈 感覺 當時 我 不是 看繪 本版 沒有 一本 書 我 重 複 閱 讀 數 篇 仍然 津津 槳 道 醞含 濃宿 緊致 哲學 味道 讀者 暖 暖 心頭 我 人生 啟發 亦 遠 小王子 來 得 震撼 力推 薦 大家 書 架上 不可 缺少 一本 書,事隔/n 五年/t 之久/r 尤/d 記得/v 那年/r 當/p 我/r 閣/ng 讀/v 完本/a 書/n 之/u 後/nr 那種/r 觸動心靈/i 感覺/n 當時/t 我/r 不是/c 看繪/v 本版/r 沒有/v 一本/m 書/zg 我/r 重/a 複/zg 閱/vg 讀/v 數/m 篇/q 仍然/d 津津/ns 槳/n 道/q 醞含/v 濃宿/n 緊致/a 哲學/n 味道/n 讀者/n 暖/a 暖/a 心頭/s 我/r 人生/n 啟發/v 亦/d 遠/a 小王子/nr 來/v 得/ud 震撼/v 力推/v 薦/vg 大家/n 書/n 架上/s 不可/v 缺少/v 一本/m 書/zg
0011032772_5_2,牧羊少年奇幻之旅,5.0,這是我看過最棒的勵志小說，看過之後的確影響了我的處世方針。,我 看 過 棒 勵志 小 說 看過 之 後 確 影響 我 處 世方 針,我/r 看/v 過/ug 棒/a 勵志/n 小/a 說/v 看過/v 之/u 後/nr 確/d 影響/vn 我/r 處/n 世方/n 針/p
0011032772_5_3,牧羊少年奇幻之旅,5.0,當初吸引我的是書名，我對『奇幻之旅』有種夢境般的魔幻感受，後來聽同事說：這是一本值得大朋友及小朋友閱讀的書藉。趁著它推出了繪圖本，便順勢購買了！我覺得，這本書的內容『比Good Luck發現幸運』這本書來得再深入一點點，但卻相同有著鼓勵向上的動力！十分值得推薦喲！,當初 吸引 我 書 名 我 奇幻 之 旅 有種 夢境 般的 魔幻 感受 後 來 聽 同事 說 一本 值得 朋友 小朋友 閱讀 書 藉 趁 推出 了繪 圖本 便 順勢 購買 我 覺得 本書 內容 GoodLuck 發現 幸運 本書 來 得 深入 一點點 但 相同 有著 鼓勵 向上 動力 值得 推薦 喲,當初/t 吸引/v 我/r 書/n 名/q 我/r 奇幻/n 之/u 旅/n 有種/r 夢境/n 般的/u 魔幻/n 感受/v 後/nr 來/v 聽/v 同事/n 說/v 一本/m 值得/v 朋友/n 小朋友/n 閱讀/v 書/n 藉/vg 趁/v 推出/v 了繪/v 圖本/n 便/d 順勢/d 購買/v 我/r 覺得/v 本書/r 內容/n GoodLuck/eng 發現/v 幸運/a 本書/r 來/v 得/ud 深入/v 一點點/m 但/c 相同/d 有著/v 鼓勵/v 向上/d 動力/n 值得/v 推薦/v 喲/y
0011032772_5_4,牧羊少年奇幻之旅,5.0,書中描寫的是很簡單的故事，牧羊少年勇於追逐夢想，也認真的對待過程中形形色色的際遇及啟示，讓人莞爾的是，當他到達夢想時，聽到的那段話，令人發覺用不同角度觀看生命，玄機早已藏在其中！,書 中 描寫 很 簡單 故事 牧羊 少年 勇 於 追逐 夢想 認 真的 對待 過程 中 形形色色 際遇 啟示 人 莞 爾 當 他 達 夢 時 聽到 那段 話 令人 發覺 用 不同 角度 觀看 生命 玄機 早已 藏 其中,書/n 中/f 描寫/v 很/d 簡單/a 故事/n 牧羊/n 少年/m 勇/n 於/nr 追逐/v 夢想/n 認/v 真的/d 對待/v 過程/n 中/f 形形色色/n 際遇/n 啟示/v 人/n 莞/j 爾/nr 當/p 他/r 達/v 夢/n 時/ng 聽到/v 那段/r 話/x 令人/nrt 發覺/v 用/p 不同/a 角度/n 觀看/v 生命/vn 玄機/n 早已/d 藏/j 其中/r
0011032772_5_5,牧羊少年奇幻之旅,5.0,我覺得這本書真的超級棒的，人們往往都懷抱著自己的理想，但能堅持到最後的人卻不多，這本書給予了我們堅持追求夢想的勇氣，讓我覺得，也許前面的路非常艱辛，卻也有繼續走下去的勇氣。,我 覺得 本書 真的 超級 棒 人們 懷 抱著 理想 但 堅持 後 人 不 本書 給予 堅持 追求 夢想 勇氣 我 覺得 前面 路 非常 艱辛 繼續 走 下去 勇氣,我/r 覺得/v 本書/r 真的/d 超級/b 棒/a 人們/n 懷/v 抱著/v 理想/n 但/c 堅持/v 後/nr 人/n 不/d 本書/r 給予/v 堅持/v 追求/v 夢想/n 勇氣/n 我/r 覺得/v 前面/f 路/n 非常/d 艱辛/a 繼續/v 走/v 下去/t 勇氣/n
0011032772_5_6,牧羊少年奇幻之旅,5.0,這本書我考慮很久才買，因為之前有買過書不如網上朋友所說的，所以和預期有滿大的一個差距，但這本書並沒有幾我這樣的感覺，我雖然還看不到一半，但真的覺得它很棒！這本書不能只是單純的讀過，要慢慢地品味，才能從這本書學到一些東西哦！我蠻推薦大家買的。,本書 我 考慮 很久 才 買 之前 買 過 書 網上 朋友 所說 預期 滿 差距 但 本書 並 沒有 幾 我 感覺 我 看不到 一半 但 真的 覺得 很棒 本書 不能 單純 讀過 地 品味 才能 本書 學到 一些 東西 哦 我 蠻 推薦 大家 買,本書/r 我/r 考慮/v 很久/m 才/d 買/v 之前/f 買/v 過/ug 書/n 網上/s 朋友/n 所說/c 預期/vn 滿/a 差距/n 但/c 本書/r 並/c 沒有/v 幾/m 我/r 感覺/n 我/r 看不到/v 一半/m 但/c 真的/d 覺得/v 很棒/a 本書/r 不能/v 單純/a 讀過/v 地/uv 品味/n 才能/v 本書/r 學到/v 一些/m 東西/ns 哦/e 我/r 蠻/d 推薦/v 大家/n 買/v
0011032772_5_7,牧羊少年奇幻之旅,5.0,你可以用不同的角度閱\讀此書.也許\利用它來成就自己的流浪夢想.或者它正是鼓勵有夢想的人無須膽怯.總而言之.看完之後.我相信讓自己的生命旅程更豐富亦勇敢!!,你 用 不同 角度 閱讀 此書 許 利用 來 成就 流浪 夢 鼓勵 夢 人 膽怯 總 而言 之 看完 之 後 我 相信 生命 旅程 豐富 亦 勇敢,你/r 用/p 不同/a 角度/n 閱讀/v 此書/r 許/m 利用/n 來/v 成就/n 流浪/n 夢/n 鼓勵/v 夢/n 人/n 膽怯/a 總/n 而言/c 之/u 看完/v 之/u 後/nr 我/r 相信/v 生命/vn 旅程/n 豐富/a 亦/d 勇敢/a
0011032772_5_8,牧羊少年奇幻之旅,5.0,若干年前買了舊版本，某天不經意的從書店櫥櫃上看到新版牧羊少年奇幻之旅，繪圖本，於是，再讀了一遍；如同書本中提到，只要懷抱夢想，一心一意朝著前方邁進，終會抵達目的地，每每遇到挫折時，我總會一再的翻閱，想像自己就是牧羊少年，並堅定的努力的趟著自信的步伐向前。,若干年 前 買 舊 版本 某天 不經意 書店 櫥櫃 上 看到 新版 牧羊 少年 奇幻 之 旅繪 圖本 於 讀 一遍 書本 中 提到 懷抱夢 一心一意 朝著 前方 邁 進終 抵達 目的地 每每 遇到 挫折 時 我 總會 翻閱 想像 牧羊 少年 並 堅定 努力 趟 自信 步伐 向前,若干年/m 前/f 買/v 舊/a 版本/n 某天/r 不經意/i 書店/n 櫥櫃/n 上/f 看到/v 新版/b 牧羊/n 少年/m 奇幻/n 之/u 旅繪/vn 圖本/n 於/nr 讀/v 一遍/m 書本/n 中/f 提到/v 懷抱夢/nr 一心一意/i 朝著/v 前方/f 邁/v 進終/d 抵達/v 目的地/n 每每/d 遇到/v 挫折/n 時/ng 我/r 總會/n 翻閱/v 想像/v 牧羊/n 少年/m 並/c 堅定/a 努力/ad 趟/q 自信/v 步伐/n 向前/t
0011032772_5_9,牧羊少年奇幻之旅,5.0,發現這本書已經有五年了，那時的我正面臨著重考生涯，當時的我看完書時，只有震撼的感覺，也讓我有了勇氣與毅力，去完成我的目標！《牧羊少年奇幻之旅》是一本無論你在過多久時間再去看或是你經歷了不少考驗後，都還是會再一次的被文字深深吸引住的書，而且會有不同的認知，它是一本會隨著人成長的書。,發現 本書 已經 五年 那時 我 正面 臨著 重考 生涯 當時 我 看 完 書 時 震撼 感覺 我 勇氣 毅力 去 完成 我 目標 牧羊 少年 奇幻 之 旅 一本 你 過 多久 時間 去 看 或是 你 經歷 不少 考驗 後 一次 文字 深深 吸引住 書 不同 認知 一本 隨 著人 成長 書,發現/v 本書/r 已經/d 五年/t 那時/r 我/r 正面/ad 臨著/v 重考/v 生涯/n 當時/t 我/r 看/v 完/v 書/n 時/ng 震撼/v 感覺/n 我/r 勇氣/n 毅力/n 去/v 完成/v 我/r 目標/n 牧羊/n 少年/m 奇幻/n 之/u 旅/n 一本/m 你/r 過/t 多久/m 時間/n 去/v 看/v 或是/c 你/r 經歷/v 不少/d 考驗/vn 後/nr 一次/m 文字/n 深深/b 吸引住/l 書/n 不同/a 認知/v 一本/m 隨/v 著人/n 成長/v 書/n
